Workbook
Name _1_0_0_F: #REF!
Name _2_0_0_F: #REF!
Name _3q45_: {"'용역비'!$A$4:$C$8"}
Name _Dist_Bin: #REF!
Name _Dist_Values: #REF!
Name _Fill: #REF!
Name _Key1: #REF!
Name _Key2: #REF!
Name _Order1: 255
Name _Order2: 255
Name _q45: {"'용역비'!$A$4:$C$8"}
Name _Sort: #REF!
Name AccessDatabase: "D:\공무jaje\98년품의-수불\98146.mdb"
Name cgmh: {"'용역비'!$A$4:$C$8"}
Name DFEE: #REF!
Name dhj: {"'용역비'!$A$4:$C$8"}
Name DKSG: #REF!
Name DKSGMLWJD: #REF!
Name Dp: #REF!
Name dsgfggg: #REF!
Name DW: {"'용역비'!$A$4:$C$8"}
Name ED: #REF!
Name EFG: {"'용역비'!$A$4:$C$8"}
Name EGE: {"'용역비'!$A$4:$C$8"}
Name ertyertye: {"'용역비'!$A$4:$C$8"}
Name ETYETY: {"'용역비'!$A$4:$C$8"}
Name etyj: {"'용역비'!$A$4:$C$8"}
Name etyjj: {"'용역비'!$A$4:$C$8"}
Name ETYJTYJ: {"'용역비'!$A$4:$C$8"}
Name f: #REF!
Name FK: {"'용역비'!$A$4:$C$8"}
Name GEMCO: #REF!
Name GMLWD: #REF!
Name HHH: #REF!
Name HHHH: #REF!
Name HSR: {"'용역비'!$A$4:$C$8"}
Name HTML_CodePage: 949
Name HTML_Control: {"'용역비'!$A$4:$C$8"}
Name HTML_Description: ""
Name HTML_Email: ""
Name HTML_Header: "용역비"
Name HTML_LastUpdate: "99-07-01"
Name HTML_LineAfter: FALSE
Name HTML_LineBefore: FALSE
Name HTML_Name: "전산실"
Name HTML_OBDlg2: TRUE
Name HTML_OBDlg4: TRUE
Name HTML_OS: 0
Name HTML_PathFile: "C:\My Documents\MyHTML.htm"
Name HTML_Title: "전체금액"
Name IIII: {"'용역비'!$A$4:$C$8"}
Name IIIII: {"'용역비'!$A$4:$C$8"}
Name IOI: {"'용역비'!$A$4:$C$8"}
Name li: {"'용역비'!$A$4:$C$8"}
Name OIL: {"'용역비'!$A$4:$C$8"}
Name OP: #REF!
Name OPP: #REF!
Name QA: #REF!
Name QWS: #REF!
Name qyk: {"'용역비'!$A$4:$C$8"}

Sheet 표지

Sheet 3. 전경사진
A2: ='2. 실사개요'!B3 -> ㅇㅇㅇ아파트 플러그링크 충전인프라 구축사업
A4: 전경사진 첨부

Sheet 2. 실사개요
A1: 실 사 보 고 서
A3: 사 업 명 : | B3: ㅇㅇㅇ아파트 플러그링크 충전인프라 구축사업 | I3: 현장실사자 :
A4: 실사일시 | C4: : | D4: 2025-00-00 | J4: 연락처/팩스 | K4: : | L4: T 02-0000-0000 / F 02-0000-0000 / H 실사동행자 홍길동 000-0000-0000
A5: 현장명 | C5: : | D5: ㅇㅇㅇ아파트 | J5: 설치예정수량 | K5: : | L5: 신규 ( )기, 교체 ( )기
A6: 주 소 | C6: : | J6: 기설치대수 | K6: : | L6: ex) 한전 완속 00기 / 한전 급속 00기
A8: 설치위치 | F8: 설치정보 | I8: 인입점(1차) 분전반 정보 | M8: 배관 | O8: 배선 | Q8: 기자재
A9: 분전반구분 | B9: 상세위치 | F9: 대수 | G9: 종류 | H9: 신규/교체 | I9: 분전반 이름 | J9: 메인차단기 용량 | L9: 인입점차단기 용량 | M9: SIZE | N9: 길이 | O9: SIZE | P9: 길이 | Q9: 통신 | R9: 스탠드 | S9: 캐노피 | T9: 볼라드
A10: 1안 - 실사자 제안
A11: 1 | B11: (지상/지하) 층 동 기둥 | J11: P A | L11: P A | Q11: 1 | R11: 2 | S11: 3 | T11: 4
A12: 2 | B12: (지상/지하) 층 동 기둥 | J12: P A | L12: P A
A13: 3 | B13: (지상/지하) 층 동 기둥 | J13: P A | L13: P A
A14: 4 | B14: (지상/지하) 층 동 기둥 | J14: P A | L14: P A
A15: 5 | B15: (지상/지하) 층 동 기둥 | J15: P A | L15: P A
A16: 6 | B16: (지상/지하) 층 동 기둥 | J16: P A | L16: P A
A17: 2안 - 고객 요청
A18: 1 | B18: (지상/지하) 층 동 기둥 | J18: P A | L18: P A
A19: 2 | B19: (지상/지하) 층 동 기둥 | J19: P A | L19: P A
A20: 3 | B20: (지상/지하) 층 동 기둥 | J20: P A | L20: P A
A21: 4 | B21: (지상/지하) 층 동 기둥 | J21: P A | L21: P A
A22: 5 | B22: (지상/지하) 층 동 기둥 | J22: P A | L22: P A
A23: 6 | B23: (지상/지하) 층 동 기둥 | J23: P A | L23: P A
A24: ※ 현장 특이사항

Sheet 3. 도면
A1: 설 치 계 획 도 면(평면도)
A4: (주차장 평면도)
A51: 현 장 명 | F51: ='2. 실사개요'!D5 -> ㅇㅇㅇ아파트 | M51: 설 치 위 치 | R51: 지하주차장 00층
A53: 공 사 명 | F53: ='2. 실사개요'!B3 -> ㅇㅇㅇ아파트 플러그링크 충전인프라 구축사업 | M53: 설 치 수 량 | R53: 충전기 00대 / 통신함 00대

Sheet 4. 사진대지
A1: 사진대지
A3: 상세위치 | D3: 동 층 기둥 | I3: 인입분전반 Panel 명 | Q3: 설치수량 | T3: 신규( )기, 교체( )기
A4: 인입차단기용량 | D4: 1차측 메인 ( )A / 사용 차단기 ( )A | I4: 포설길이 | L4: 배관( )m, 배선( )m | Q4: 통신모뎀 | T4: ( )기
A5: 특이사항
A6: 사진 첨부(공란 시 내용 삭제) | M6: 사진 첨부(공란 시 내용 삭제)
A29: 사진설명 | D29: 도면 확대도 | M29: 사진설명 | P29: 1차측 분전반 내부
A31: 사진 첨부(공란 시 내용 삭제) | M31: 사진 첨부(공란 시 내용 삭제)
A54: 사진설명 | D54: 설치예정 위치 | M54: 사진설명 | P54: 전력간선 인입라인 - 1
A56: 사진 첨부(공란 시 내용 삭제) | M56: 사진 첨부(공란 시 내용 삭제)
A79: 사진설명 | D79: 전력간선 인입라인 - 2 | M79: 사진설명 | P79: 1차측 분전반 외부
A81: 사진 첨부(공란 시 내용 삭제) | M81: 사진 첨부(공란 시 내용 삭제)
A104: 사진설명 | D104: 1차측 분전반 내부 | M104: 사진설명 | P104: CCTV(지하설치)
A106: 사진 첨부(공란 시 내용 삭제) | M106: 사진 첨부(공란 시 내용 삭제)
A129: 사진설명 | D129: 전력간선 인입라인 - 3 | M129: 사진설명 | P129: 1차측 분전반 외부
A131: 사진 첨부(공란 시 내용 삭제) | M131: 사진 첨부(공란 시 내용 삭제)
A154: 사진설명 | D154: 1차측 분전반 내부 | M154: 사진설명 | P154: CCTV(지하설치)

Sheet 5. 공사내역서(입력)
B2: 항목 | D2: 수량 | E2: 단위 | F2: 사양 | G2: 작성법 | H2: 단가(변동 시 수정 가능)
B3: 기자재 | C3: 충전기 (신규) | E3: ea | F3: 7kW급 완속충전기 | G3: 신규 충전기 수 기입 | H3: 550000 | I3: 원
C4: 충전기 (교체) | E4: ea | F4: 7kW급 완속충전기 | G4: 교체 충전기 수 기입 | H4: 550000 | I4: 원
A5: 추가비용 | C5: 캐노피 | E5: ea | F5: W400 x D300 x H500 | G5: 캐노피 수 기입 | H5: 70000 | I5: 원
C6: 스탠드 | E6: ea | F6: W125xD75XH1550 | G6: 스탠드 수 기입 | H6: 65000 | I6: 원
C7: 볼라드 | E7: ea | F7: Ⅰ형 H700 | G7: 볼라드 수 기입 | H7: 40000 | I7: 원
B8: 공사 | C8: 도로커팅 | E8: m | G8: 도로커팅이 필요한 경우에 거리 기입, 오른쪽 단가는 조정 가능 | H8: 0 | I8: 원/m
C9: 땅파기 | E9: m | G9: 땅파기 필요한 경우에 거리 기입, 오른쪽 단가는 조정 가능 | H9: 0 | I9: 원/m
C10: 추가 배선공사 | E10: m | F10: 0.6/1kv F-CV 4C×6㎟ | G10: 기본 전기공사 초과분 입력 | H10: 5150 | I10: 원/m
E11: m | F11: 0.6/1kv F-CV 4C×10㎟ | G11: 기본 전기공사 초과분 입력 | H11: 8400 | I11: 원/m
E12: m | F12: 0.6/1kv F-CV 4C×16㎟ | G12: 기본 전기공사 초과분 입력 | H12: 12650 | I12: 원/m
E13: m | F13: 0.6/1kv F-CV 4C×25㎟ | G13: 기본 전기공사 초과분 입력 | H13: 19800 | I13: 원/m
E14: m | F14: 0.6/1kv F-CV 4C×35㎟ | G14: 기본 전기공사 초과분 입력 | H14: 27100 | I14: 원/m
E15: m | F15: 0.6/1kv F-CV 4C×50㎟ | G15: 기본 전기공사 초과분 입력 | H15: 36500 | I15: 원/m
E16: m | F16: 0.6/1kv F-CV 1C×70㎟ (4ea) | G16: 기본 전기공사 초과분 입력 (전체길이를 4가닥으로 나눈 값) | H16: 51000 | I16: 원/m
E17: m | F17: 0.6/1kv F-CV 1C×95㎟ (4ea) | G17: 기본 전기공사 초과분 입력 (전체길이를 4가닥으로 나눈 값) | H17: 70800 | I17: 원/m
E18: m | F18: 0.6/1kv F-CV 1C×120㎟ (4ea) | G18: 기본 전기공사 초과분 입력 (전체길이를 4가닥으로 나눈 값) | H18: 88200 | I18: 원/m
E19: m | F19: 0.6/1kv F-CV 1C×150㎟ (4ea) | G19: 기본 전기공사 초과분 입력 (전체길이를 4가닥으로 나눈 값) | H19: 109700 | I19: 원/m
C20: 추가 강제전선관 배관 공사 | E20: m | F20: 아연도 16mm | G20: 기본 전기공사 초과분 입력 | H20: 3250 | I20: 원/m
E21: m | F21: 아연도 22mm | G21: 기본 전기공사 초과분 입력 | H21: 4300 | I21: 원/m
E22: m | F22: 아연도 28mm | G22: 기본 전기공사 초과분 입력 | H22: 5700 | I22: 원/m
E23: m | F23: 아연도 36mm | G23: 기본 전기공사 초과분 입력 | H23: 7350 | I23: 원/m
E24: m | F24: 아연도 42mm | G24: 기본 전기공사 초과분 입력 | H24: 8400 | I24: 원/m
E25: m | F25: 아연도 54mm | G25: 기본 전기공사 초과분 입력 | H25: 11900 | I25: 원/m
E26: m | F26: 아연도 70mm | G26: 기본 전기공사 초과분 입력 | H26: 15100 | I26: 원/m
E27: m | F27: 아연도 82mm | G27: 기본 전기공사 초과분 입력 | H27: 17400 | I27: 원/m
E28: m | F28: 아연도 104mm | G28: 기본 전기공사 초과분 입력 | H28: 28200 | I28: 원/m
C29: 기타비용 | F29: 인건비 | H29: 250000
A39: 시공사부담 | B39: 시공사 부담금 | G39: 시공사 부담가능금액 입력
A40: 추가비용 | B40: 한전인입 | C40: 예상용량 | E40: kW | G40: 7kW x 충전기 수량
C41: 계통견적포함 | D41: No | G41: 한전에 계통연계를 하는 경우 "Yes", 모자분리일 경우 "No"
C42: 계통타입 | D42: 공중공급 | G42: 한전 연계를 공중으로 하면 "공중", 지중으로 하면 "지중"
C43: 초과거리(신설) | D43: 0 | E43: m | G43: 공중(200m), 지중(50m) 초과하는 거리를 연계하는 경우 초과거리 기입(신설), 어려우면 0으로
C44: 초과거리(첨가) | D44: 0 | E44: m | G44: 공중(200m), 지중(50m) 초과하는 거리를 연계하는 경우 초과거리 기입(첨가), 어려우면 0으로
C45: 예상계통연계비 | D45: =IF(D41="No",0,IF(D42="공중공급",306000+(D40-5)*121000+53000*D43+7000*D44,588000+(D40-5)*141000+75000*D43)) -> 0 | G45: 자동계산 됨
B46: 전기안전점검 | C46: 거점수 | E46: 개소 | G46: 전기안전점검을 진행하는 총 거점수(분전반 기준) / 사용전점검 및 사용검사 제외 | H46: 44000
C47: 충전기 총수량 | E47: ea | G47: 전기안전점검을 진행하는 총 충전기수량 / 사용전점검 및 사용검사 제외 | H47: 7400
C48: 견적포함여부 | D48: No | G48: 전기안전점검을 진행하는 경우 "YES", 그렇지 않은 경우 "NO"
C49: 전기안전점검 수수료 | D49: =IF(D48="No",0,IF(D48="YES",D46*H46+D47*H47)) -> 0 | G49: 자동계산 됨

Sheet 공사내역서(출력)
G1: pluglink,Inc.
G2: 서울시 서초구 강남대로 311, 11층 1107호
G3: TEL : 1533-0702 FAX : 02-6499-0704
A6: ='2. 실사개요'!B3 -> ㅇㅇㅇ아파트 플러그링크 충전인프라 구축사업
A7: 공사내역서
A10: 1. 상세내역
A11: 구분 | B11: 품목명 | E11: 상 세 | G11: 수 량 | I11: 단 가 | K11: 가 격 | M11: 공사 내역 요약(파트너사 및 PL확인용)
A12: ※ 주요 기자재 | M12: 차감비용 합계(영업사) | N12: =SUM(K14:K16)+SUM(K20:K50)+K51-K55+K52 -> 0
A13: 충전기 | E13: ='5. 공사내역서(입력)'!F3 -> 7kW급 완속충전기 | G13: =SUM('5. 공사내역서(입력)'!D3:D4) -> 0 | H13: ='5. 공사내역서(입력)'!E3 -> ea | I13: ='5. 공사내역서(입력)'!H3 -> 550000 | K13: =G13*I13 -> 0 | M13: 대당 차감비용(영업사) | N13: =N12/G13 -> #DIV/0!
A14: 캐노피(헬멧) | E14: ='5. 공사내역서(입력)'!F5 -> W400 x D300 x H500 | G14: ='5. 공사내역서(입력)'!D5 -> 0 | H14: 개 | I14: ='5. 공사내역서(입력)'!H5 -> 70000 | K14: =G14*I14 -> 0 | M14: 지급공사비 합계(시공사) | N14: =SUM(K14:K50)-K55+K52 -> 0
A15: 스탠드(폴대) | E15: ='5. 공사내역서(입력)'!F6 -> W125xD75XH1550 | G15: ='5. 공사내역서(입력)'!D6 -> 0 | H15: 개 | I15: ='5. 공사내역서(입력)'!H6 -> 65000 | K15: =G15*I15 -> 0 | M15: 대당 지급공사비 합계(시공사) | N15: =N14/G13 -> #DIV/0!
A16: 볼라드(방호구조물) | E16: ='5. 공사내역서(입력)'!F7 -> Ⅰ형 H700 | G16: ='5. 공사내역서(입력)'!D7 -> 0 | H16: 개 | I16: ='5. 공사내역서(입력)'!H7 -> 40000 | K16: =G16*I16 -> 0 | M16: 플러그링크 사업비 합계(PL) | N16: =SUM(K13:K50)+K51-K55+K52 -> 0
A17: ※ 공사비 | M17: 플러그링크 대당 사업비(PL) | N17: =N16/G13 -> #DIV/0!
A18: 전기공사(신규) | E18: 완속충전기 기본 배관 및 배선 공사 | G18: ='5. 공사내역서(입력)'!D3 -> 0 | H18: 식 | I18: 900000 | K18: =G18*I18 -> 0
A19: 전기공사(교체) | E19: 완속충전기 교체 공사 | G19: ='5. 공사내역서(입력)'!D4 -> 0 | H19: 식 | I19: 250000 | K19: =G19*I19 -> 0
A20: ='5. 공사내역서(입력)'!C8 -> 도로커팅 | E20: ='5. 공사내역서(입력)'!F8 -> 0 | G20: ='5. 공사내역서(입력)'!D8 -> 0 | H20: m | I20: ='5. 공사내역서(입력)'!H8 -> 0 | K20: =G20*I20 -> 0
A21: ='5. 공사내역서(입력)'!C9 -> 땅파기 | E21: ='5. 공사내역서(입력)'!F9 -> 0 | G21: ='5. 공사내역서(입력)'!D9 -> 0 | H21: m | I21: ='5. 공사내역서(입력)'!H9 -> 0 | K21: =G21*I21 -> 0
A22: ='5. 공사내역서(입력)'!C10 -> 추가 배선공사 | E22: =IF(G22>0,'5. 공사내역서(입력)'!F10," ") | G22: ='5. 공사내역서(입력)'!D10 -> 0 | H22: =IF(G22>0,"m","") | I22: ='5. 공사내역서(입력)'!H10 -> 5150 | K22: =G22*I22 -> 0
E23: =IF(G23>0,'5. 공사내역서(입력)'!F11," ") | G23: ='5. 공사내역서(입력)'!D11 -> 0 | H23: =IF(G23>0,"m","") | I23: ='5. 공사내역서(입력)'!H11 -> 8400 | K23: =G23*I23 -> 0
E24: =IF(G24>0,'5. 공사내역서(입력)'!F12," ") | G24: ='5. 공사내역서(입력)'!D12 -> 0 | H24: =IF(G24>0,"m","") | I24: ='5. 공사내역서(입력)'!H12 -> 12650 | K24: =G24*I24 -> 0
E25: =IF(G25>0,'5. 공사내역서(입력)'!F13," ") | G25: ='5. 공사내역서(입력)'!D13 -> 0 | H25: =IF(G25>0,"m","") | I25: ='5. 공사내역서(입력)'!H13 -> 19800 | K25: =G25*I25 -> 0
E26: =IF(G26>0,'5. 공사내역서(입력)'!F14," ") | G26: ='5. 공사내역서(입력)'!D14 -> 0 | H26: =IF(G26>0,"m","") | I26: ='5. 공사내역서(입력)'!H14 -> 27100 | K26: =G26*I26 -> 0
E27: =IF(G27>0,'5. 공사내역서(입력)'!F15," ") | G27: ='5. 공사내역서(입력)'!D15 -> 0 | H27: =IF(G27>0,"m","") | I27: ='5. 공사내역서(입력)'!H15 -> 36500 | K27: =G27*I27 -> 0
E28: =IF(G28>0,'5. 공사내역서(입력)'!F16," ") | G28: ='5. 공사내역서(입력)'!D16 -> 0 | H28: =IF(G28>0,"m","") | I28: ='5. 공사내역서(입력)'!H16 -> 51000 | K28: =G28*I28 -> 0
E29: =IF(G29>0,'5. 공사내역서(입력)'!F17," ") | G29: ='5. 공사내역서(입력)'!D17 -> 0 | H29: =IF(G29>0,"m","") | I29: ='5. 공사내역서(입력)'!H17 -> 70800 | K29: =G29*I29 -> 0
E30: =IF(G30>0,'5. 공사내역서(입력)'!F18," ") | G30: ='5. 공사내역서(입력)'!D18 -> 0 | H30: =IF(G30>0,"m","") | I30: ='5. 공사내역서(입력)'!H18 -> 88200 | K30: =G30*I30 -> 0
E31: =IF(G31>0,'5. 공사내역서(입력)'!F19," ") | G31: ='5. 공사내역서(입력)'!D19 -> 0 | H31: =IF(G31>0,"m","") | I31: ='5. 공사내역서(입력)'!H19 -> 109700 | K31: =G31*I31 -> 0
A32: ='5. 공사내역서(입력)'!C20 -> 추가 강제전선관 배관 공사 | E32: =IF(G32>0,'5. 공사내역서(입력)'!F20," ") | G32: ='5. 공사내역서(입력)'!D20 -> 0 | H32: =IF(G32>0,"m","") | I32: ='5. 공사내역서(입력)'!H20 -> 3250 | K32: =G32*I32 -> 0
E33: =IF(G33>0,'5. 공사내역서(입력)'!F21," ") | G33: ='5. 공사내역서(입력)'!D21 -> 0 | H33: =IF(G33>0,"m","") | I33: ='5. 공사내역서(입력)'!H21 -> 4300 | K33: =G33*I33 -> 0
E34: =IF(G34>0,'5. 공사내역서(입력)'!F22," ") | G34: ='5. 공사내역서(입력)'!D22 -> 0 | H34: =IF(G34>0,"m","") | I34: ='5. 공사내역서(입력)'!H22 -> 5700 | K34: =G34*I34 -> 0
E35: =IF(G35>0,'5. 공사내역서(입력)'!F23," ") | G35: ='5. 공사내역서(입력)'!D23 -> 0 | H35: =IF(G35>0,"m","") | I35: ='5. 공사내역서(입력)'!H23 -> 7350 | K35: =G35*I35 -> 0
E36: =IF(G36>0,'5. 공사내역서(입력)'!F24," ") | G36: ='5. 공사내역서(입력)'!D24 -> 0 | H36: =IF(G36>0,"m","") | I36: ='5. 공사내역서(입력)'!H24 -> 8400 | K36: =G36*I36 -> 0
E37: =IF(G37>0,'5. 공사내역서(입력)'!F25," ") | G37: ='5. 공사내역서(입력)'!D25 -> 0 | H37: =IF(G37>0,"m","") | I37: ='5. 공사내역서(입력)'!H25 -> 11900 | K37: =G37*I37 -> 0
E38: =IF(G38>0,'5. 공사내역서(입력)'!F26," ") | G38: ='5. 공사내역서(입력)'!D26 -> 0 | H38: =IF(G38>0,"m","") | I38: ='5. 공사내역서(입력)'!H26 -> 15100 | K38: =G38*I38 -> 0
E39: =IF(G39>0,'5. 공사내역서(입력)'!F27," ") | G39: ='5. 공사내역서(입력)'!D27 -> 0 | H39: =IF(G39>0,"m","") | I39: ='5. 공사내역서(입력)'!H27 -> 17400 | K39: =G39*I39 -> 0
E40: =IF(G40>0,'5. 공사내역서(입력)'!F28," ") | G40: ='5. 공사내역서(입력)'!D28 -> 0 | H40: =IF(G40>0,"m","") | I40: ='5. 공사내역서(입력)'!H28 -> 28200 | K40: =G40*I40 -> 0
A41: ='5. 공사내역서(입력)'!C29 -> 기타비용 | E41: ='5. 공사내역서(입력)'!F29 -> 인건비 | G41: ='5. 공사내역서(입력)'!D29 -> 0 | H41: ='5. 공사내역서(입력)'!E29 -> 0 | I41: ='5. 공사내역서(입력)'!H29 -> 250000 | K41: =G41*I41 -> 0
E42: ='5. 공사내역서(입력)'!F30 -> 0 | G42: ='5. 공사내역서(입력)'!D30 -> 0 | H42: ='5. 공사내역서(입력)'!E30 -> 0 | I42: ='5. 공사내역서(입력)'!H30 -> 0 | K42: =G42*I42 -> 0
E43: ='5. 공사내역서(입력)'!F31 -> 0 | G43: ='5. 공사내역서(입력)'!D31 -> 0 | H43: ='5. 공사내역서(입력)'!E31 -> 0 | I43: ='5. 공사내역서(입력)'!H31 -> 0 | K43: =G43*I43 -> 0
E44: ='5. 공사내역서(입력)'!F32 -> 0 | G44: ='5. 공사내역서(입력)'!D32 -> 0 | H44: ='5. 공사내역서(입력)'!E32 -> 0 | I44: ='5. 공사내역서(입력)'!H32 -> 0 | K44: =G44*I44 -> 0
E45: ='5. 공사내역서(입력)'!F33 -> 0 | G45: ='5. 공사내역서(입력)'!D33 -> 0 | H45: ='5. 공사내역서(입력)'!E33 -> 0 | I45: ='5. 공사내역서(입력)'!H33 -> 0 | K45: =G45*I45 -> 0
E46: ='5. 공사내역서(입력)'!F34 -> 0 | G46: ='5. 공사내역서(입력)'!D34 -> 0 | H46: ='5. 공사내역서(입력)'!E34 -> 0 | I46: ='5. 공사내역서(입력)'!H34 -> 0 | K46: =G46*I46 -> 0
E47: ='5. 공사내역서(입력)'!F35 -> 0 | G47: ='5. 공사내역서(입력)'!D35 -> 0 | H47: ='5. 공사내역서(입력)'!E35 -> 0 | I47: ='5. 공사내역서(입력)'!H35 -> 0 | K47: =G47*I47 -> 0
E48: ='5. 공사내역서(입력)'!F36 -> 0 | G48: ='5. 공사내역서(입력)'!D36 -> 0 | H48: ='5. 공사내역서(입력)'!E36 -> 0 | I48: ='5. 공사내역서(입력)'!H36 -> 0 | K48: =G48*I48 -> 0
E49: ='5. 공사내역서(입력)'!F37 -> 0 | G49: ='5. 공사내역서(입력)'!D37 -> 0 | H49: ='5. 공사내역서(입력)'!E37 -> 0 | I49: ='5. 공사내역서(입력)'!H37 -> 0 | K49: =G49*I49 -> 0
E50: ='5. 공사내역서(입력)'!F38 -> 0 | G50: ='5. 공사내역서(입력)'!D38 -> 0 | H50: ='5. 공사내역서(입력)'!E38 -> 0 | I50: ='5. 공사내역서(입력)'!H38 -> 0 | K50: =G50*I50 -> 0
A51: ='5. 공사내역서(입력)'!C45 -> 예상계통연계비 | E51: =IF('5. 공사내역서(입력)'!D41="YES",CONCATENATE('5. 공사내역서(입력)'!D40,'5. 공사내역서(입력)'!E40," ",'5. 공사내역서(입력)'!D42," 계통연계비"),"") | G51: 1 | H51: 식 | I51: ='5. 공사내역서(입력)'!D45 -> 0 | K51: =G51*I51 -> 0
A52: ='5. 공사내역서(입력)'!C49 -> 전기안전점검 수수료 | G52: 1 | H52: 식 | I52: ='5. 공사내역서(입력)'!D49 -> 0 | K52: =G52*I52 -> 0
G53: Total Amount(Excl. VAT): | K53: =SUM(K13:K52) -> 0
G54: Total Amount(Incl. VAT): | K54: =K53*1.1 -> 0
A55: 설치비용 부담 | E55: ='5. 공사내역서(입력)'!B39 -> 시공사 부담금 | G55: 1 | H55: 식 | K55: ='5. 공사내역서(입력)'!D39 -> 0
E56: 영업자 부담금 | G56: 1 | H56: 식 | K56: =SUM(K14:K16,K20:K52)-K55 -> 0
E57: 플러그링크 부담금 | G57: 1 | H57: 식 | K57: =SUM(K13,K18:K19) -> 0
A58: 정산비용 | E58: 영업비(총액은 대리점별 별도 정산) | G58: 1 | H58: 식 | K58: =-K56 -> 0
E59: 시공비 | G59: 1 | H59: 식 | K59: =SUM(K14:K16,K18:K50)-K55 -> 0
A60: 2. 본 공사내역서는 플러그링크 충전인프라 구축사업을 위한 내역산출용임.
A61: 3. 최종 청구금액은 전기차충전 토탈솔루션 계약 및 합의서에 따라 청구될 수 있음.
A62: 4. 본 파일은 내부 검토용이며(영업대리점, 시공대리점, 플러그링크) 외부 견적 제출 시 견적서를 출력하여 제공

Sheet 표지-끝

Sheet 일위대가
B1: 일 위 대 가 표
B2: ─────────
B3: (표 2 - 1)
B4: 용역명 : 2022년 민간보급 완속충전기 설치공사 검토 | N4: 단위 : 원
A5: 번호 | B5: 명 칭 | C5: 규 격 | D5: 단위 | E5: 수량 | F5: 재료비 | H5: 노무비 | J5: 경비 | M5: 계 | N5: 비고
F6: 단가 | G6: 금액 | H6: 단가 | I6: 금액 | J6: 단가 | K6: 금액 | L6: 단가
A7: =+TRIM(CONCATENATE(B7,C7,D7)) -> [제 1-1호] 강제전선관(노출) 아연도 16 mm [M] | B7: [제 1-1호] 강제전선관(노출) 아연도 16 mm [M] | G7: =IF(E7*F7<>0, TRUNC(E7*F7, 1), "") | I7: =IF(E7*H7<>0,TRUNC(E7*H7, 1),"") | K7: =IF(E7*J7<>0,TRUNC(E7*J7, 1),"") | L7: =IF((F7+H7+J7)=0, "", (F7+H7+J7)) | M7: =IF(SUM(G7,I7,K7)<>0,TRUNC(SUM(G7,I7,K7),1),"")
A8: =+TRIM(CONCATENATE(B8,C8,D8)) -> 강제전선관(노출)아연도 16 mmM | B8: 강제전선관(노출) | C8: 아연도 16 mm | D8: M | E8: 1 | F8: =+VLOOKUP(A8,단가표!$A:$Q,17,FALSE) -> 2150 | G8: =INT(E8*F8) -> 2150 | I8: =INT(E8*H8) -> 0 | K8: =IF(E8*J8<>0,TRUNC(E8*J8, 1),"") | L8: =IF((F8+H8+J8)=0, "", (F8+H8+J8)) -> 2150 | M8: =SUM(G8,I8,K8) -> 2150
A9: =+TRIM(CONCATENATE(B9,C9,D9)) -> 노 무 비내선전공인 | B9: 노 무 비 | C9: 내선전공 | D9: 인 | E9: =+일위수량!E9 -> 0.096 | G9: =INT(E9*F9) -> 0 | H9: =+VLOOKUP(C9,단가표!$A:$Q,17,FALSE) -> 220079 | I9: =INT(E9*H9) -> 21127 | K9: =IF(E9*J9<>0,TRUNC(E9*J9, 1),"") | L9: =IF((F9+H9+J9)=0, "", (F9+H9+J9)) -> 220079 | M9: =SUM(G9,I9,K9) -> 21127
A10: =+TRIM(CONCATENATE(B10,C10,D10)) -> ( 합 계 ) | B10: ( 합 계 ) | G10: =SUM(G8:G9) -> 2150 | I10: =SUM(I8:I9) -> 21127 | K10: =SUM(K8:K9) -> 0 | L10: =IF((F10+H10+J10)=0, "", (F10+H10+J10)) | M10: =SUM(M8:M9) -> 23277
A11: =+TRIM(CONCATENATE(B11,C11,D11)) | G11: =INT(E11*F11) -> 0 | I11: =INT(E11*H11) -> 0 | K11: =IF(E11*J11<>0,TRUNC(E11*J11, 1),"") | L11: =IF((F11+H11+J11)=0, "", (F11+H11+J11)) | M11: =SUM(G11,I11,K11) -> 0
A12: =+TRIM(CONCATENATE(B12,C12,D12)) -> [제 1-2호] 강제전선관(노출) 아연도 22 mm [M] | B12: [제 1-2호] 강제전선관(노출) 아연도 22 mm [M] | G12: =IF(E12*F12<>0, TRUNC(E12*F12, 1), "") | I12: =IF(E12*H12<>0,TRUNC(E12*H12, 1),"") | K12: =IF(E12*J12<>0,TRUNC(E12*J12, 1),"") | L12: =IF((F12+H12+J12)=0, "", (F12+H12+J12)) | M12: =IF(SUM(G12,I12,K12)<>0,TRUNC(SUM(G12,I12,K12),1),"")
A13: =+TRIM(CONCATENATE(B13,C13,D13)) -> 강제전선관(노출)아연도 22 mmM | B13: 강제전선관(노출) | C13: 아연도 22 mm | D13: M | E13: 1 | F13: =+VLOOKUP(A13,단가표!$A:$Q,17,FALSE) -> 2780 | G13: =INT(E13*F13) -> 2780 | I13: =INT(E13*H13) -> 0 | K13: =IF(E13*J13<>0,TRUNC(E13*J13, 1),"") | L13: =IF((F13+H13+J13)=0, "", (F13+H13+J13)) -> 2780 | M13: =SUM(G13,I13,K13) -> 2780
A14: =+TRIM(CONCATENATE(B14,C14,D14)) -> 노 무 비내선전공인 | B14: 노 무 비 | C14: 내선전공 | D14: 인 | E14: =일위수량!E12 -> 0.132 | G14: =INT(E14*F14) -> 0 | H14: =+VLOOKUP(C14,단가표!$A:$Q,17,FALSE) -> 220079 | I14: =INT(E14*H14) -> 29050 | K14: =IF(E14*J14<>0,TRUNC(E14*J14, 1),"") | L14: =IF((F14+H14+J14)=0, "", (F14+H14+J14)) -> 220079 | M14: =SUM(G14,I14,K14) -> 29050
A15: =+TRIM(CONCATENATE(B15,C15,D15)) -> ( 합 계 ) | B15: ( 합 계 ) | G15: =SUM(G13:G14) -> 2780 | I15: =SUM(I13:I14) -> 29050 | K15: =SUM(K13:K14) -> 0 | L15: =IF((F15+H15+J15)=0, "", (F15+H15+J15)) | M15: =SUM(M13:M14) -> 31830
A16: =+TRIM(CONCATENATE(B16,C16,D16)) | G16: =INT(E16*F16) -> 0 | I16: =INT(E16*H16) -> 0 | K16: =IF(E16*J16<>0,TRUNC(E16*J16, 1),"") | L16: =IF((F16+H16+J16)=0, "", (F16+H16+J16)) | M16: =SUM(G16,I16,K16) -> 0
A17: =+TRIM(CONCATENATE(B17,C17,D17)) -> [제 1-3호] 강제전선관(노출) 아연도 28 mm [M] | B17: [제 1-3호] 강제전선관(노출) 아연도 28 mm [M] | G17: =INT(E17*F17) -> 0 | I17: =INT(E17*H17) -> 0 | K17: =IF(E17*J17<>0,TRUNC(E17*J17, 1),"") | L17: =IF((F17+H17+J17)=0, "", (F17+H17+J17)) | M17: =SUM(G17,I17,K17) -> 0
A18: =+TRIM(CONCATENATE(B18,C18,D18)) -> 강제전선관(노출)아연도 28 mmM | B18: 강제전선관(노출) | C18: 아연도 28 mm | D18: M | E18: 1 | F18: =+VLOOKUP(A18,단가표!$A:$Q,17,FALSE) -> 3620 | G18: =INT(E18*F18) -> 3620 | I18: =INT(E18*H18) -> 0 | K18: =IF(E18*J18<>0,TRUNC(E18*J18, 1),"") | L18: =IF((F18+H18+J18)=0, "", (F18+H18+J18)) -> 3620 | M18: =SUM(G18,I18,K18) -> 3620
A19: =+TRIM(CONCATENATE(B19,C19,D19)) -> 노 무 비내선전공인 | B19: 노 무 비 | C19: 내선전공 | D19: 인 | E19: =일위수량!E15 -> 0.168 | G19: =INT(E19*F19) -> 0 | H19: =+VLOOKUP(C19,단가표!$A:$Q,17,FALSE) -> 220079 | I19: =INT(E19*H19) -> 36973 | K19: =IF(E19*J19<>0,TRUNC(E19*J19, 1),"") | L19: =IF((F19+H19+J19)=0, "", (F19+H19+J19)) -> 220079 | M19: =SUM(G19,I19,K19) -> 36973
A20: =+TRIM(CONCATENATE(B20,C20,D20)) -> ( 합 계 ) | B20: ( 합 계 ) | G20: =SUM(G18:G19) -> 3620 | I20: =SUM(I18:I19) -> 36973 | K20: =SUM(K16:K19) -> 0 | L20: =IF((F20+H20+J20)=0, "", (F20+H20+J20)) | M20: =SUM(M18:M19) -> 40593
A21: =+TRIM(CONCATENATE(B21,C21,D21)) | G21: =INT(E21*F21) -> 0 | I21: =INT(E21*H21) -> 0 | K21: =IF(E21*J21<>0,TRUNC(E21*J21, 1),"") | L21: =IF((F21+H21+J21)=0, "", (F21+H21+J21)) | M21: =SUM(G21,I21,K21) -> 0
A22: =+TRIM(CONCATENATE(B22,C22,D22)) -> [제 1-4호] 강제전선관(노출) 아연도 36 mm [M] | B22: [제 1-4호] 강제전선관(노출) 아연도 36 mm [M] | G22: =INT(E22*F22) -> 0 | I22: =INT(E22*H22) -> 0 | K22: =IF(E22*J22<>0,TRUNC(E22*J22, 1),"") | L22: =IF((F22+H22+J22)=0, "", (F22+H22+J22)) | M22: =SUM(G22,I22,K22) -> 0
A23: =+TRIM(CONCATENATE(B23,C23,D23)) -> 강제전선관(노출)아연도 36 mmM | B23: 강제전선관(노출) | C23: 아연도 36 mm | D23: M | E23: 1 | F23: =+VLOOKUP(A23,단가표!$A:$Q,17,FALSE) -> 4650 | G23: =INT(E23*F23) -> 4650 | I23: =INT(E23*H23) -> 0 | K23: =IF(E23*J23<>0,TRUNC(E23*J23, 1),"") | L23: =IF((F23+H23+J23)=0, "", (F23+H23+J23)) -> 4650 | M23: =SUM(G23,I23,K23) -> 4650
A24: =+TRIM(CONCATENATE(B24,C24,D24)) -> 노 무 비내선전공인 | B24: 노 무 비 | C24: 내선전공 | D24: 인 | E24: =일위수량!E18 -> 0.24 | G24: =INT(E24*F24) -> 0 | H24: =+VLOOKUP(C24,단가표!$A:$Q,17,FALSE) -> 220079 | I24: =INT(E24*H24) -> 52818 | K24: =IF(E24*J24<>0,TRUNC(E24*J24, 1),"") | L24: =IF((F24+H24+J24)=0, "", (F24+H24+J24)) -> 220079 | M24: =SUM(G24,I24,K24) -> 52818
A25: =+TRIM(CONCATENATE(B25,C25,D25)) -> ( 합 계 ) | B25: ( 합 계 ) | G25: =SUM(G23:G24) -> 4650 | I25: =SUM(I23:I24) -> 52818 | K25: =SUM(K21:K24) -> 0 | L25: =IF((F25+H25+J25)=0, "", (F25+H25+J25)) | M25: =SUM(M23:M24) -> 57468
A26: =+TRIM(CONCATENATE(B26,C26,D26)) | G26: =INT(E26*F26) -> 0 | I26: =INT(E26*H26) -> 0 | K26: =IF(E26*J26<>0,TRUNC(E26*J26, 1),"") | L26: =IF((F26+H26+J26)=0, "", (F26+H26+J26)) | M26: =SUM(G26,I26,K26) -> 0
A27: =+TRIM(CONCATENATE(B27,C27,D27)) -> [제 1-5호] 강제전선관(노출) 아연도 42 mm [M] | B27: [제 1-5호] 강제전선관(노출) 아연도 42 mm [M] | G27: =INT(E27*F27) -> 0 | I27: =INT(E27*H27) -> 0 | K27: =IF(E27*J27<>0,TRUNC(E27*J27, 1),"") | L27: =IF((F27+H27+J27)=0, "", (F27+H27+J27)) | M27: =SUM(G27,I27,K27) -> 0
A28: =+TRIM(CONCATENATE(B28,C28,D28)) -> 강제전선관(노출)아연도 42 mmM | B28: 강제전선관(노출) | C28: 아연도 42 mm | D28: M | E28: 1 | F28: =+VLOOKUP(A28,단가표!$A:$Q,17,FALSE) -> 5320 | G28: =INT(E28*F28) -> 5320 | I28: =INT(E28*H28) -> 0 | K28: =IF(E28*J28<>0,TRUNC(E28*J28, 1),"") | L28: =IF((F28+H28+J28)=0, "", (F28+H28+J28)) -> 5320 | M28: =SUM(G28,I28,K28) -> 5320
A29: =+TRIM(CONCATENATE(B29,C29,D29)) -> 노 무 비내선전공인 | B29: 노 무 비 | C29: 내선전공 | D29: 인 | E29: =일위수량!E21 -> 0.3 | G29: =INT(E29*F29) -> 0 | H29: =+VLOOKUP(C29,단가표!$A:$Q,17,FALSE) -> 220079 | I29: =INT(E29*H29) -> 66023 | K29: =IF(E29*J29<>0,TRUNC(E29*J29, 1),"") | L29: =IF((F29+H29+J29)=0, "", (F29+H29+J29)) -> 220079 | M29: =SUM(G29,I29,K29) -> 66023
A30: =+TRIM(CONCATENATE(B30,C30,D30)) -> ( 합 계 ) | B30: ( 합 계 ) | G30: =SUM(G28:G29) -> 5320 | I30: =SUM(I28:I29) -> 66023 | K30: =SUM(K26:K29) -> 0 | L30: =IF((F30+H30+J30)=0, "", (F30+H30+J30)) | M30: =SUM(M28:M29) -> 71343
A31: =+TRIM(CONCATENATE(B31,C31,D31)) -> [제 1-6호] 강제전선관(노출) 아연도 54 mm [M] | B31: [제 1-6호] 강제전선관(노출) 아연도 54 mm [M] | G31: =INT(E31*F31) -> 0 | I31: =INT(E31*H31) -> 0 | K31: =IF(E31*J31<>0,TRUNC(E31*J31, 1),"") | L31: =IF((F31+H31+J31)=0, "", (F31+H31+J31)) | M31: =SUM(G31,I31,K31) -> 0
A32: =+TRIM(CONCATENATE(B32,C32,D32)) -> 강제전선관(노출)아연도 54 mmM | B32: 강제전선관(노출) | C32: 아연도 54 mm | D32: M | E32: 1 | F32: =+VLOOKUP(A32,단가표!$A:$Q,17,FALSE) -> 7510 | G32: =INT(E32*F32) -> 7510 | I32: =INT(E32*H32) -> 0 | K32: =IF(E32*J32<>0,TRUNC(E32*J32, 1),"") | L32: =IF((F32+H32+J32)=0, "", (F32+H32+J32)) -> 7510 | M32: =SUM(G32,I32,K32) -> 7510
A33: =+TRIM(CONCATENATE(B33,C33,D33)) -> 노 무 비내선전공인 | B33: 노 무 비 | C33: 내선전공 | D33: 인 | E33: =일위수량!E24 -> 0.408 | G33: =INT(E33*F33) -> 0 | H33: =+VLOOKUP(C33,단가표!$A:$Q,17,FALSE) -> 220079 | I33: =INT(E33*H33) -> 89792 | K33: =IF(E33*J33<>0,TRUNC(E33*J33, 1),"") | L33: =IF((F33+H33+J33)=0, "", (F33+H33+J33)) -> 220079 | M33: =SUM(G33,I33,K33) -> 89792
A34: =+TRIM(CONCATENATE(B34,C34,D34)) -> ( 합 계 ) | B34: ( 합 계 ) | G34: =SUM(G32:G33) -> 7510 | I34: =SUM(I32:I33) -> 89792 | K34: =SUM(K31:K33) -> 0 | L34: =IF((F34+H34+J34)=0, "", (F34+H34+J34)) | M34: =SUM(M32:M33) -> 97302
A35: =+TRIM(CONCATENATE(B35,C35,D35)) | G35: =INT(E35*F35) -> 0 | I35: =INT(E35*H35) -> 0 | K35: =IF(E35*J35<>0,TRUNC(E35*J35, 1),"") | L35: =IF((F35+H35+J35)=0, "", (F35+H35+J35)) | M35: =SUM(G35,I35,K35) -> 0
A36: =+TRIM(CONCATENATE(B36,C36,D36)) -> [제 1-7호] 강제전선관(노출) 아연도 70 mm [M] | B36: [제 1-7호] 강제전선관(노출) 아연도 70 mm [M] | G36: =INT(E36*F36) -> 0 | I36: =INT(E36*H36) -> 0 | K36: =IF(E36*J36<>0,TRUNC(E36*J36, 1),"") | L36: =IF((F36+H36+J36)=0, "", (F36+H36+J36)) | M36: =SUM(G36,I36,K36) -> 0
A37: =+TRIM(CONCATENATE(B37,C37,D37)) -> 강제전선관(노출)아연도 70 mmM | B37: 강제전선관(노출) | C37: 아연도 70 mm | D37: M | E37: 1 | F37: =+VLOOKUP(A37,단가표!$A:$Q,17,FALSE) -> 9570 | G37: =INT(E37*F37) -> 9570 | I37: =INT(E37*H37) -> 0 | K37: =IF(E37*J37<>0,TRUNC(E37*J37, 1),"") | L37: =IF((F37+H37+J37)=0, "", (F37+H37+J37)) -> 9570 | M37: =SUM(G37,I37,K37) -> 9570
A38: =+TRIM(CONCATENATE(B38,C38,D38)) -> 노 무 비내선전공인 | B38: 노 무 비 | C38: 내선전공 | D38: 인 | E38: =+일위수량!E27 -> 0.528 | G38: =INT(E38*F38) -> 0 | H38: =+VLOOKUP(C38,단가표!$A:$Q,17,FALSE) -> 220079 | I38: =INT(E38*H38) -> 116201 | K38: =IF(E38*J38<>0,TRUNC(E38*J38, 1),"") | L38: =IF((F38+H38+J38)=0, "", (F38+H38+J38)) -> 220079 | M38: =SUM(G38,I38,K38) -> 116201
A39: =+TRIM(CONCATENATE(B39,C39,D39)) -> ( 합 계 ) | B39: ( 합 계 ) | G39: =SUM(G37:G38) -> 9570 | I39: =SUM(I37:I38) -> 116201 | K39: =SUM(K35:K38) -> 0 | L39: =IF((F39+H39+J39)=0, "", (F39+H39+J39)) | M39: =SUM(M37:M38) -> 125771
A40: =+TRIM(CONCATENATE(B40,C40,D40)) | G40: =INT(E40*F40) -> 0 | I40: =INT(E40*H40) -> 0 | K40: =IF(E40*J40<>0,TRUNC(E40*J40, 1),"") | L40: =IF((F40+H40+J40)=0, "", (F40+H40+J40)) | M40: =SUM(G40,I40,K40) -> 0
A41: =+TRIM(CONCATENATE(B41,C41,D41)) -> [제 1-8호] 강제전선관(노출) 아연도 82 mm [M] | B41: [제 1-8호] 강제전선관(노출) 아연도 82 mm [M] | G41: =INT(E41*F41) -> 0 | I41: =INT(E41*H41) -> 0 | K41: =IF(E41*J41<>0,TRUNC(E41*J41, 1),"") | L41: =IF((F41+H41+J41)=0, "", (F41+H41+J41)) | M41: =SUM(G41,I41,K41) -> 0
A42: =+TRIM(CONCATENATE(B42,C42,D42)) -> 강제전선관(노출)아연도 82 mmM | B42: 강제전선관(노출) | C42: 아연도 82 mm | D42: M | E42: 1 | F42: =+VLOOKUP(A42,단가표!$A:$Q,17,FALSE) -> 11020 | G42: =INT(E42*F42) -> 11020 | I42: =INT(E42*H42) -> 0 | K42: =IF(E42*J42<>0,TRUNC(E42*J42, 1),"") | L42: =IF((F42+H42+J42)=0, "", (F42+H42+J42)) -> 11020 | M42: =SUM(G42,I42,K42) -> 11020
A43: =+TRIM(CONCATENATE(B43,C43,D43)) -> 노 무 비내선전공인 | B43: 노 무 비 | C43: 내선전공 | D43: 인 | E43: =+일위수량!E30 -> 0.648 | G43: =INT(E43*F43) -> 0 | H43: =+VLOOKUP(C43,단가표!$A:$Q,17,FALSE) -> 220079 | I43: =INT(E43*H43) -> 142611 | K43: =IF(E43*J43<>0,TRUNC(E43*J43, 1),"") | L43: =IF((F43+H43+J43)=0, "", (F43+H43+J43)) -> 220079 | M43: =SUM(G43,I43,K43) -> 142611
A44: =+TRIM(CONCATENATE(B44,C44,D44)) -> ( 합 계 ) | B44: ( 합 계 ) | G44: =SUM(G42:G43) -> 11020 | I44: =SUM(I42:I43) -> 142611 | K44: =SUM(K40:K43) -> 0 | L44: =IF((F44+H44+J44)=0, "", (F44+H44+J44)) | M44: =SUM(M42:M43) -> 153631
A45: =+TRIM(CONCATENATE(B45,C45,D45)) | G45: =INT(E45*F45) -> 0 | I45: =INT(E45*H45) -> 0 | K45: =IF(E45*J45<>0,TRUNC(E45*J45, 1),"") | L45: =IF((F45+H45+J45)=0, "", (F45+H45+J45)) | M45: =SUM(G45,I45,K45) -> 0
A46: =+TRIM(CONCATENATE(B46,C46,D46)) -> [제 1-9호] 강제전선관(노출) 아연도 104 mm [M] | B46: [제 1-9호] 강제전선관(노출) 아연도 104 mm [M] | G46: =INT(E46*F46) -> 0 | I46: =INT(E46*H46) -> 0 | K46: =IF(E46*J46<>0,TRUNC(E46*J46, 1),"") | L46: =IF((F46+H46+J46)=0, "", (F46+H46+J46)) | M46: =SUM(G46,I46,K46) -> 0
A47: =+TRIM(CONCATENATE(B47,C47,D47)) -> 강제전선관(노출)아연도 104 mmM | B47: 강제전선관(노출) | C47: 아연도 104 mm | D47: M | E47: 1 | F47: =+VLOOKUP(A47,단가표!$A:$Q,17,FALSE) -> 17710 | G47: =INT(E47*F47) -> 17710 | I47: =INT(E47*H47) -> 0 | K47: =IF(E47*J47<>0,TRUNC(E47*J47, 1),"") | L47: =IF((F47+H47+J47)=0, "", (F47+H47+J47)) -> 17710 | M47: =SUM(G47,I47,K47) -> 17710
A48: =+TRIM(CONCATENATE(B48,C48,D48)) -> 노 무 비내선전공인 | B48: 노 무 비 | C48: 내선전공 | D48: 인 | E48: =+일위수량!E33 -> 0.852 | G48: =INT(E48*F48) -> 0 | H48: =+VLOOKUP(C48,단가표!$A:$Q,17,FALSE) -> 220079 | I48: =INT(E48*H48) -> 187507 | K48: =IF(E48*J48<>0,TRUNC(E48*J48, 1),"") | L48: =IF((F48+H48+J48)=0, "", (F48+H48+J48)) -> 220079 | M48: =SUM(G48,I48,K48) -> 187507
A49: =+TRIM(CONCATENATE(B49,C49,D49)) -> ( 합 계 ) | B49: ( 합 계 ) | G49: =SUM(G47:G48) -> 17710 | I49: =SUM(I47:I48) -> 187507 | K49: =SUM(K45:K48) -> 0 | L49: =IF((F49+H49+J49)=0, "", (F49+H49+J49)) | M49: =SUM(M47:M48) -> 205217
A50: =+TRIM(CONCATENATE(B50,C50,D50)) | G50: =INT(E50*F50) -> 0 | I50: =INT(E50*H50) -> 0 | K50: =IF(E50*J50<>0,TRUNC(E50*J50, 1),"") | L50: =IF((F50+H50+J50)=0, "", (F50+H50+J50)) | M50: =SUM(G50,I50,K50) -> 0
A51: =+TRIM(CONCATENATE(B51,C51,D51)) -> [제 2-1호] 경질비닐전선관 HI 22 mm [M] | B51: [제 2-1호] 경질비닐전선관 HI 22 mm [M] | G51: =INT(E51*F51) -> 0 | I51: =INT(E51*H51) -> 0 | K51: =IF(E51*J51<>0,TRUNC(E51*J51, 1),"") | L51: =IF((F51+H51+J51)=0, "", (F51+H51+J51)) | M51: =SUM(G51,I51,K51) -> 0
A52: =+TRIM(CONCATENATE(B52,C52,D52)) -> 경질비닐전선관HI 22 mmM | B52: 경질비닐전선관 | C52: HI 22 mm | D52: M | E52: 1 | F52: =+VLOOKUP(A52,단가표!$A:$Q,17,FALSE) -> 290 | G52: =INT(E52*F52) -> 290 | I52: =INT(E52*H52) -> 0 | K52: =IF(E52*J52<>0,TRUNC(E52*J52, 1),"") | L52: =IF((F52+H52+J52)=0, "", (F52+H52+J52)) -> 290 | M52: =SUM(G52,I52,K52) -> 290
A53: =+TRIM(CONCATENATE(B53,C53,D53)) -> 노 무 비내선전공인 | B53: 노 무 비 | C53: 내선전공 | D53: 인 | E53: =+일위수량!E36 -> 0.06 | G53: =INT(E53*F53) -> 0 | H53: =+VLOOKUP(C53,단가표!$A:$Q,17,FALSE) -> 220079 | I53: =INT(E53*H53) -> 13204 | K53: =IF(E53*J53<>0,TRUNC(E53*J53, 1),"") | L53: =IF((F53+H53+J53)=0, "", (F53+H53+J53)) -> 220079 | M53: =SUM(G53,I53,K53) -> 13204
A54: =+TRIM(CONCATENATE(B54,C54,D54)) -> ( 합 계 ) | B54: ( 합 계 ) | G54: =SUM(G52:G53) -> 290 | I54: =SUM(I52:I53) -> 13204 | K54: =SUM(K35:K53) -> 0 | L54: =IF((F54+H54+J54)=0, "", (F54+H54+J54)) | M54: =SUM(M52:M53) -> 13494
A55: =+TRIM(CONCATENATE(B55,C55,D55)) | G55: =INT(E55*F55) -> 0 | I55: =INT(E55*H55) -> 0 | K55: =IF(E55*J55<>0,TRUNC(E55*J55, 1),"") | L55: =IF((F55+H55+J55)=0, "", (F55+H55+J55)) | M55: =SUM(G55,I55,K55) -> 0
A56: =+TRIM(CONCATENATE(B56,C56,D56)) -> [제 2-2호] 경질비닐전선관 HI 28 mm [M] | B56: [제 2-2호] 경질비닐전선관 HI 28 mm [M] | G56: =INT(E56*F56) -> 0 | I56: =INT(E56*H56) -> 0 | K56: =IF(E56*J56<>0,TRUNC(E56*J56, 1),"") | L56: =IF((F56+H56+J56)=0, "", (F56+H56+J56)) | M56: =SUM(G56,I56,K56) -> 0
A57: =+TRIM(CONCATENATE(B57,C57,D57)) -> 경질비닐전선관HI 28 mmM | B57: 경질비닐전선관 | C57: HI 28 mm | D57: M | E57: 1 | F57: =+VLOOKUP(A57,단가표!$A:$Q,17,FALSE) -> 590 | G57: =INT(E57*F57) -> 590 | I57: =INT(E57*H57) -> 0 | K57: =IF(E57*J57<>0,TRUNC(E57*J57, 1),"") | L57: =IF((F57+H57+J57)=0, "", (F57+H57+J57)) -> 590 | M57: =SUM(G57,I57,K57) -> 590
A58: =+TRIM(CONCATENATE(B58,C58,D58)) -> 노 무 비내선전공인 | B58: 노 무 비 | C58: 내선전공 | D58: 인 | E58: =+일위수량!E39 -> 0.08 | G58: =INT(E58*F58) -> 0 | H58: =+VLOOKUP(C58,단가표!$A:$Q,17,FALSE) -> 220079 | I58: =INT(E58*H58) -> 17606 | K58: =IF(E58*J58<>0,TRUNC(E58*J58, 1),"") | L58: =IF((F58+H58+J58)=0, "", (F58+H58+J58)) -> 220079 | M58: =SUM(G58,I58,K58) -> 17606
A59: =+TRIM(CONCATENATE(B59,C59,D59)) -> ( 합 계 ) | B59: ( 합 계 ) | G59: =SUM(G57:G58) -> 590 | I59: =SUM(I57:I58) -> 17606 | K59: =SUM(K55:K58) -> 0 | L59: =IF((F59+H59+J59)=0, "", (F59+H59+J59)) | M59: =SUM(M57:M58) -> 18196
A60: =+TRIM(CONCATENATE(B60,C60,D60)) | G60: =INT(E60*F60) -> 0 | I60: =INT(E60*H60) -> 0 | K60: =IF(E60*J60<>0,TRUNC(E60*J60, 1),"") | L60: =IF((F60+H60+J60)=0, "", (F60+H60+J60)) | M60: =SUM(G60,I60,K60) -> 0
A61: =+TRIM(CONCATENATE(B61,C61,D61)) -> [제 2-3호] 경질비닐전선관 HI 36 mm [M] | B61: [제 2-3호] 경질비닐전선관 HI 36 mm [M] | G61: =INT(E61*F61) -> 0 | I61: =INT(E61*H61) -> 0 | K61: =IF(E61*J61<>0,TRUNC(E61*J61, 1),"") | L61: =IF((F61+H61+J61)=0, "", (F61+H61+J61)) | M61: =SUM(G61,I61,K61) -> 0
A62: =+TRIM(CONCATENATE(B62,C62,D62)) -> 경질비닐전선관HI 36 mmM | B62: 경질비닐전선관 | C62: HI 36 mm | D62: M | E62: 1 | F62: =+VLOOKUP(A62,단가표!$A:$Q,17,FALSE) -> 820 | G62: =INT(E62*F62) -> 820 | I62: =INT(E62*H62) -> 0 | K62: =IF(E62*J62<>0,TRUNC(E62*J62, 1),"") | L62: =IF((F62+H62+J62)=0, "", (F62+H62+J62)) -> 820 | M62: =SUM(G62,I62,K62) -> 820
A63: =+TRIM(CONCATENATE(B63,C63,D63)) -> 노 무 비내선전공인 | B63: 노 무 비 | C63: 내선전공 | D63: 인 | E63: =+일위수량!E42 -> 0.1 | G63: =INT(E63*F63) -> 0 | H63: =+VLOOKUP(C63,단가표!$A:$Q,17,FALSE) -> 220079 | I63: =INT(E63*H63) -> 22007 | K63: =IF(E63*J63<>0,TRUNC(E63*J63, 1),"") | L63: =IF((F63+H63+J63)=0, "", (F63+H63+J63)) -> 220079 | M63: =SUM(G63,I63,K63) -> 22007
A64: =+TRIM(CONCATENATE(B64,C64,D64)) -> ( 합 계 ) | B64: ( 합 계 ) | G64: =SUM(G62:G63) -> 820 | I64: =SUM(I62:I63) -> 22007 | K64: =SUM(K60:K63) -> 0 | L64: =IF((F64+H64+J64)=0, "", (F64+H64+J64)) | M64: =SUM(M62:M63) -> 22827
A65: =+TRIM(CONCATENATE(B65,C65,D65)) | G65: =INT(E65*F65) -> 0 | I65: =INT(E65*H65) -> 0 | K65: =IF(E65*J65<>0,TRUNC(E65*J65, 1),"") | L65: =IF((F65+H65+J65)=0, "", (F65+H65+J65)) | M65: =SUM(G65,I65,K65) -> 0
A66: =+TRIM(CONCATENATE(B66,C66,D66)) -> [제 2-4호] 경질비닐전선관 HI 42 mm [M] | B66: [제 2-4호] 경질비닐전선관 HI 42 mm [M] | G66: =INT(E66*F66) -> 0 | I66: =INT(E66*H66) -> 0 | K66: =IF(E66*J66<>0,TRUNC(E66*J66, 1),"") | L66: =IF((F66+H66+J66)=0, "", (F66+H66+J66)) | M66: =SUM(G66,I66,K66) -> 0
A67: =+TRIM(CONCATENATE(B67,C67,D67)) -> 경질비닐전선관HI 42 mmM | B67: 경질비닐전선관 | C67: HI 42 mm | D67: M | E67: 1 | F67: =+VLOOKUP(A67,단가표!$A:$Q,17,FALSE) -> 1020 | G67: =INT(E67*F67) -> 1020 | I67: =INT(E67*H67) -> 0 | K67: =IF(E67*J67<>0,TRUNC(E67*J67, 1),"") | L67: =IF((F67+H67+J67)=0, "", (F67+H67+J67)) -> 1020 | M67: =SUM(G67,I67,K67) -> 1020
A68: =+TRIM(CONCATENATE(B68,C68,D68)) -> 노 무 비내선전공인 | B68: 노 무 비 | C68: 내선전공 | D68: 인 | E68: =+일위수량!E45 -> 0.13 | G68: =INT(E68*F68) -> 0 | H68: =+VLOOKUP(C68,단가표!$A:$Q,17,FALSE) -> 220079 | I68: =INT(E68*H68) -> 28610 | K68: =IF(E68*J68<>0,TRUNC(E68*J68, 1),"") | L68: =IF((F68+H68+J68)=0, "", (F68+H68+J68)) -> 220079 | M68: =SUM(G68,I68,K68) -> 28610
A69: =+TRIM(CONCATENATE(B69,C69,D69)) -> ( 합 계 ) | B69: ( 합 계 ) | G69: =SUM(G67:G68) -> 1020 | I69: =SUM(I67:I68) -> 28610 | K69: =SUM(K65:K68) -> 0 | L69: =IF((F69+H69+J69)=0, "", (F69+H69+J69)) | M69: =SUM(M67:M68) -> 29630
A70: =+TRIM(CONCATENATE(B70,C70,D70)) | G70: =INT(E70*F70) -> 0 | I70: =INT(E70*H70) -> 0 | K70: =IF(E70*J70<>0,TRUNC(E70*J70, 1),"") | L70: =IF((F70+H70+J70)=0, "", (F70+H70+J70)) | M70: =SUM(G70,I70,K70) -> 0
A71: =+TRIM(CONCATENATE(B71,C71,D71)) -> [제 2-5호] 경질비닐전선관 HI 54 mm [M] | B71: [제 2-5호] 경질비닐전선관 HI 54 mm [M] | G71: =INT(E71*F71) -> 0 | I71: =INT(E71*H71) -> 0 | K71: =IF(E71*J71<>0,TRUNC(E71*J71, 1),"") | L71: =IF((F71+H71+J71)=0, "", (F71+H71+J71)) | M71: =SUM(G71,I71,K71) -> 0
A72: =+TRIM(CONCATENATE(B72,C72,D72)) -> 경질비닐전선관HI 54 mmM | B72: 경질비닐전선관 | C72: HI 54 mm | D72: M | E72: 1 | F72: =+VLOOKUP(A72,단가표!$A:$Q,17,FALSE) -> 1520 | G72: =INT(E72*F72) -> 1520 | I72: =INT(E72*H72) -> 0 | K72: =IF(E72*J72<>0,TRUNC(E72*J72, 1),"") | L72: =IF((F72+H72+J72)=0, "", (F72+H72+J72)) -> 1520 | M72: =SUM(G72,I72,K72) -> 1520
A73: =+TRIM(CONCATENATE(B73,C73,D73)) -> 노 무 비내선전공인 | B73: 노 무 비 | C73: 내선전공 | D73: 인 | E73: =+일위수량!E48 -> 0.19 | G73: =INT(E73*F73) -> 0 | H73: =+VLOOKUP(C73,단가표!$A:$Q,17,FALSE) -> 220079 | I73: =INT(E73*H73) -> 41815 | K73: =IF(E73*J73<>0,TRUNC(E73*J73, 1),"") | L73: =IF((F73+H73+J73)=0, "", (F73+H73+J73)) -> 220079 | M73: =SUM(G73,I73,K73) -> 41815
A74: =+TRIM(CONCATENATE(B74,C74,D74)) -> ( 합 계 ) | B74: ( 합 계 ) | G74: =SUM(G72:G73) -> 1520 | I74: =SUM(I72:I73) -> 41815 | K74: =SUM(K70:K73) -> 0 | L74: =IF((F74+H74+J74)=0, "", (F74+H74+J74)) | M74: =SUM(M72:M73) -> 43335
A75: =+TRIM(CONCATENATE(B75,C75,D75)) | G75: =INT(E75*F75) -> 0 | I75: =INT(E75*H75) -> 0 | K75: =IF(E75*J75<>0,TRUNC(E75*J75, 1),"") | L75: =IF((F75+H75+J75)=0, "", (F75+H75+J75)) | M75: =SUM(G75,I75,K75) -> 0
A76: =+TRIM(CONCATENATE(B76,C76,D76)) -> [제 2-6호] 경질비닐전선관 HI 16 mm [M] | B76: [제 2-6호] 경질비닐전선관 HI 16 mm [M] | G76: =INT(E76*F76) -> 0 | I76: =INT(E76*H76) -> 0 | K76: =IF(E76*J76<>0,TRUNC(E76*J76, 1),"") | L76: =IF((F76+H76+J76)=0, "", (F76+H76+J76)) | M76: =SUM(G76,I76,K76) -> 0
A77: =+TRIM(CONCATENATE(B77,C77,D77)) -> 경질비닐전선관HI 16 mmM | B77: 경질비닐전선관 | C77: HI 16 mm | D77: M | E77: 1 | F77: =+VLOOKUP(A77,단가표!$A:$Q,17,FALSE) -> 240 | G77: =INT(E77*F77) -> 240 | I77: =INT(E77*H77) -> 0 | K77: =IF(E77*J77<>0,TRUNC(E77*J77, 1),"") | L77: =IF((F77+H77+J77)=0, "", (F77+H77+J77)) -> 240 | M77: =SUM(G77,I77,K77) -> 240
A78: =+TRIM(CONCATENATE(B78,C78,D78)) -> 노 무 비내선전공인 | B78: 노 무 비 | C78: 내선전공 | D78: 인 | E78: =+일위수량!E51 -> 0.05 | G78: =INT(E78*F78) -> 0 | H78: =+VLOOKUP(C78,단가표!$A:$Q,17,FALSE) -> 220079 | I78: =INT(E78*H78) -> 11003 | K78: =IF(E78*J78<>0,TRUNC(E78*J78, 1),"") | L78: =IF((F78+H78+J78)=0, "", (F78+H78+J78)) -> 220079 | M78: =SUM(G78,I78,K78) -> 11003
A79: =+TRIM(CONCATENATE(B79,C79,D79)) -> ( 합 계 ) | B79: ( 합 계 ) | G79: =SUM(G77:G78) -> 240 | I79: =SUM(I77:I78) -> 11003 | K79: =SUM(K77:K78) -> 0 | L79: =IF((F79+H79+J79)=0, "", (F79+H79+J79)) | M79: =SUM(M77:M78) -> 11243
A80: =+TRIM(CONCATENATE(B80,C80,D80))
A81: =+TRIM(CONCATENATE(B81,C81,D81)) -> [제 3-1호] 파상형 폴리에틸렌 전선관 30㎜ [M] | B81: [제 3-1호] 파상형 폴리에틸렌 전선관 30㎜ [M] | G81: =INT(E81*F81) -> 0 | I81: =INT(E81*H81) -> 0 | K81: =IF(E81*J81<>0,TRUNC(E81*J81, 1),"") | L81: =IF((F81+H81+J81)=0, "", (F81+H81+J81)) | M81: =SUM(G81,I81,K81) -> 0
A82: =+TRIM(CONCATENATE(B82,C82,D82)) -> 파상형 폴리에틸렌 전선관30㎜M | B82: 파상형 폴리에틸렌 전선관 | C82: 30㎜ | D82: M | E82: 1 | F82: =+VLOOKUP(A82,단가표!$A:$Q,17,FALSE) -> 290 | G82: =INT(E82*F82) -> 290 | I82: =INT(E82*H82) -> 0 | K82: =IF(E82*J82<>0,TRUNC(E82*J82, 1),"") | L82: =IF((F82+H82+J82)=0, "", (F82+H82+J82)) -> 290 | M82: =SUM(G82,I82,K82) -> 290
A83: =+TRIM(CONCATENATE(B83,C83,D83)) -> 노 무 비배전전공인 | B83: 노 무 비 | C83: 배전전공 | D83: 인 | E83: =+일위수량!E55 -> 0.006 | G83: =INT(E83*F83) -> 0 | H83: =+VLOOKUP(C83,단가표!$A:$Q,17,FALSE) -> 322716 | I83: =INT(E83*H83) -> 1936 | K83: =IF(E83*J83<>0,TRUNC(E83*J83, 1),"") | L83: =IF((F83+H83+J83)=0, "", (F83+H83+J83)) -> 322716 | M83: =SUM(G83,I83,K83) -> 1936
A84: =+TRIM(CONCATENATE(B84,C84,D84)) -> 노 무 비보통인부인 | B84: 노 무 비 | C84: 보통인부 | D84: 인 | E84: =+일위수량!E56 -> 0.014 | G84: =INT(E84*F84) -> 0 | H84: =+VLOOKUP(C84,단가표!$A:$Q,17,FALSE) -> 126233 | I84: =INT(E84*H84) -> 1767 | K84: =IF(E84*J84<>0,TRUNC(E84*J84, 1),"") | L84: =IF((F84+H84+J84)=0, "", (F84+H84+J84)) -> 126233 | M84: =SUM(G84,I84,K84) -> 1767
A85: =+TRIM(CONCATENATE(B85,C85,D85)) -> ( 합 계 ) | B85: ( 합 계 ) | G85: =SUM(G82:G84) -> 290 | I85: =SUM(I82:I84) -> 3703 | K85: =SUM(K34:K84) -> 0 | L85: =IF((F85+H85+J85)=0, "", (F85+H85+J85)) | M85: =SUM(M82:M84) -> 3993
A86: =+TRIM(CONCATENATE(B86,C86,D86)) | G86: =INT(E86*F86) -> 0 | I86: =INT(E86*H86) -> 0 | K86: =IF(E86*J86<>0,TRUNC(E86*J86, 1),"") | L86: =IF((F86+H86+J86)=0, "", (F86+H86+J86)) | M86: =SUM(G86,I86,K86) -> 0
A87: =+TRIM(CONCATENATE(B87,C87,D87)) -> [제 3-2호] 파상형 폴리에틸렌 전선관 40㎜ [M] | B87: [제 3-2호] 파상형 폴리에틸렌 전선관 40㎜ [M] | G87: =INT(E87*F87) -> 0 | I87: =INT(E87*H87) -> 0 | K87: =IF(E87*J87<>0,TRUNC(E87*J87, 1),"") | L87: =IF((F87+H87+J87)=0, "", (F87+H87+J87)) | M87: =SUM(G87,I87,K87) -> 0
A88: =+TRIM(CONCATENATE(B88,C88,D88)) -> 파상형 폴리에틸렌 전선관40㎜M | B88: 파상형 폴리에틸렌 전선관 | C88: 40㎜ | D88: M | E88: 1 | F88: =+VLOOKUP(A88,단가표!$A:$Q,17,FALSE) -> 440 | G88: =INT(E88*F88) -> 440 | I88: =INT(E88*H88) -> 0 | K88: =IF(E88*J88<>0,TRUNC(E88*J88, 1),"") | L88: =IF((F88+H88+J88)=0, "", (F88+H88+J88)) -> 440 | M88: =SUM(G88,I88,K88) -> 440
A89: =+TRIM(CONCATENATE(B89,C89,D89)) -> 노 무 비배전전공인 | B89: 노 무 비 | C89: 배전전공 | D89: 인 | E89: =일위수량!E60 -> 0.007 | G89: =INT(E89*F89) -> 0 | H89: =+VLOOKUP(C89,단가표!$A:$Q,17,FALSE) -> 322716 | I89: =INT(E89*H89) -> 2259 | K89: =IF(E89*J89<>0,TRUNC(E89*J89, 1),"") | L89: =IF((F89+H89+J89)=0, "", (F89+H89+J89)) -> 322716 | M89: =SUM(G89,I89,K89) -> 2259
A90: =+TRIM(CONCATENATE(B90,C90,D90)) -> 노 무 비보통인부인 | B90: 노 무 비 | C90: 보통인부 | D90: 인 | E90: =일위수량!E61 -> 0.018 | G90: =INT(E90*F90) -> 0 | H90: =+VLOOKUP(C90,단가표!$A:$Q,17,FALSE) -> 126233 | I90: =INT(E90*H90) -> 2272 | K90: =IF(E90*J90<>0,TRUNC(E90*J90, 1),"") | L90: =IF((F90+H90+J90)=0, "", (F90+H90+J90)) -> 126233 | M90: =SUM(G90,I90,K90) -> 2272
A91: =+TRIM(CONCATENATE(B91,C91,D91)) -> ( 합 계 ) | B91: ( 합 계 ) | G91: =SUM(G88:G90) -> 440 | I91: =SUM(I88:I90) -> 4531 | K91: =SUM(K55:K90) -> 0 | L91: =IF((F91+H91+J91)=0, "", (F91+H91+J91)) | M91: =SUM(M88:M90) -> 4971
A92: =+TRIM(CONCATENATE(B92,C92,D92)) | G92: =INT(E92*F92) -> 0 | I92: =INT(E92*H92) -> 0 | K92: =IF(E92*J92<>0,TRUNC(E92*J92, 1),"") | L92: =IF((F92+H92+J92)=0, "", (F92+H92+J92)) | M92: =SUM(G92,I92,K92) -> 0
A93: =+TRIM(CONCATENATE(B93,C93,D93)) -> [제 3-3호] 파상형 폴리에틸렌 전선관 50㎜ [M] | B93: [제 3-3호] 파상형 폴리에틸렌 전선관 50㎜ [M] | G93: =INT(E93*F93) -> 0 | I93: =INT(E93*H93) -> 0 | K93: =IF(E93*J93<>0,TRUNC(E93*J93, 1),"") | L93: =IF((F93+H93+J93)=0, "", (F93+H93+J93)) | M93: =SUM(G93,I93,K93) -> 0
A94: =+TRIM(CONCATENATE(B94,C94,D94)) -> 파상형 폴리에틸렌 전선관50㎜M | B94: 파상형 폴리에틸렌 전선관 | C94: 50㎜ | D94: M | E94: 1 | F94: =+VLOOKUP(A94,단가표!$A:$Q,17,FALSE) -> 570 | G94: =INT(E94*F94) -> 570 | I94: =INT(E94*H94) -> 0 | K94: =IF(E94*J94<>0,TRUNC(E94*J94, 1),"") | L94: =IF((F94+H94+J94)=0, "", (F94+H94+J94)) -> 570 | M94: =SUM(G94,I94,K94) -> 570
A95: =+TRIM(CONCATENATE(B95,C95,D95)) -> 노 무 비배전전공인 | B95: 노 무 비 | C95: 배전전공 | D95: 인 | E95: =일위수량!E65 -> 0.007 | G95: =INT(E95*F95) -> 0 | H95: =+VLOOKUP(C95,단가표!$A:$Q,17,FALSE) -> 322716 | I95: =INT(E95*H95) -> 2259 | K95: =IF(E95*J95<>0,TRUNC(E95*J95, 1),"") | L95: =IF((F95+H95+J95)=0, "", (F95+H95+J95)) -> 322716 | M95: =SUM(G95,I95,K95) -> 2259
A96: =+TRIM(CONCATENATE(B96,C96,D96)) -> 노 무 비보통인부인 | B96: 노 무 비 | C96: 보통인부 | D96: 인 | E96: =일위수량!E66 -> 0.018 | G96: =INT(E96*F96) -> 0 | H96: =+VLOOKUP(C96,단가표!$A:$Q,17,FALSE) -> 126233 | I96: =INT(E96*H96) -> 2272 | K96: =IF(E96*J96<>0,TRUNC(E96*J96, 1),"") | L96: =IF((F96+H96+J96)=0, "", (F96+H96+J96)) -> 126233 | M96: =SUM(G96,I96,K96) -> 2272
A97: =+TRIM(CONCATENATE(B97,C97,D97)) -> ( 합 계 ) | B97: ( 합 계 ) | G97: =SUM(G94:G96) -> 570 | I97: =SUM(I94:I96) -> 4531 | K97: =SUM(K61:K96) -> 0 | L97: =IF((F97+H97+J97)=0, "", (F97+H97+J97)) | M97: =SUM(M94:M96) -> 5101
A98: =+TRIM(CONCATENATE(B98,C98,D98)) | G98: =INT(E98*F98) -> 0 | I98: =INT(E98*H98) -> 0 | K98: =IF(E98*J98<>0,TRUNC(E98*J98, 1),"") | L98: =IF((F98+H98+J98)=0, "", (F98+H98+J98)) | M98: =SUM(G98,I98,K98) -> 0
A99: =+TRIM(CONCATENATE(B99,C99,D99)) -> [제 3-4호] 파상형 폴리에틸렌 전선관 65㎜ [M] | B99: [제 3-4호] 파상형 폴리에틸렌 전선관 65㎜ [M] | G99: =INT(E99*F99) -> 0 | I99: =INT(E99*H99) -> 0 | K99: =IF(E99*J99<>0,TRUNC(E99*J99, 1),"") | L99: =IF((F99+H99+J99)=0, "", (F99+H99+J99)) | M99: =SUM(G99,I99,K99) -> 0
A100: =+TRIM(CONCATENATE(B100,C100,D100)) -> 파상형 폴리에틸렌 전선관65㎜M | B100: 파상형 폴리에틸렌 전선관 | C100: 65㎜ | D100: M | E100: 1 | F100: =+VLOOKUP(A100,단가표!$A:$Q,17,FALSE) -> 840 | G100: =INT(E100*F100) -> 840 | I100: =INT(E100*H100) -> 0 | K100: =IF(E100*J100<>0,TRUNC(E100*J100, 1),"") | L100: =IF((F100+H100+J100)=0, "", (F100+H100+J100)) -> 840 | M100: =SUM(G100,I100,K100) -> 840
...

Sheet 일위수량
B1: 일위대가 수량 산출표 | V1: 내선전공 | W1: 저압케이블전공 | X1: 배전전공 | Y1: 보통인부 | Z1: 특별인부 | AA1: 석공 | AB1: 콘크리트공
B2: ────────────
B3: (표 2 - 2)
B4: 용역명 : 2022년 민간보급 완속충전기 설치공사 검토 | O4: 단위 : 원
A5: 번호 | B5: 명 칭 | C5: 규 격 | D5: 단위 | E5: 수량 | I5: 코드 | J5: 공량산출 | N5: 품셈근거 | O5: 비고
E6: 결정수량 | F6: 할증 | G6: 산출수량 | H6: 재할% | J6: 명칭 | K6: 품셈 | L6: 할증% | M6: 공량
A7: =+B7&C7&D7 -> [ 제 1-1호 ] 강제전선관(노출) 아연도 16 mm [M] | B7: [ 제 1-1호 ] 강제전선관(노출) 아연도 16 mm [M]
A8: =+B8&C8&D8 -> 강제전선관(노출)아연도 16 mmM | B8: 강제전선관(노출) | C8: 아연도 16 mm | D8: M | E8: 1 | F8: =IF(G8<>0, E8-G8, "") -> 0 | G8: 1 | H8: 10 | I8: 56900017016 | J8: 내선전공 | K8: 0.08 | L8: 120 | M8: =IF(G8*K8=0, "", G8*K8*(L8/100)) -> 0.096 | N8: 전기5-1 | V8: =M8 -> 0.096
A9: =+B9&C9&D9 -> 노 무 비내선전공인 | B9: 노 무 비 | C9: 내선전공 | D9: 인 | E9: =+F9%*G9 -> 0.096 | F9: 100 | G9: =SUM(V8) -> 0.096 | M9: =IF(G9*K9=0, "", G9*K9*(L9/100)) | U9: 노임계 | V9: =SUM(V8) -> 0.096
A10: =+B10&C10&D10 -> [ 제 1-2호 ] 강제전선관(노출) 아연도 22 mm [M] | B10: [ 제 1-2호 ] 강제전선관(노출) 아연도 22 mm [M]
A11: =+B11&C11&D11 -> 강제전선관(노출)아연도 22 mmM | B11: 강제전선관(노출) | C11: 아연도 22 mm | D11: M | E11: 1 | F11: =IF(G11<>0, E11-G11, "") -> 0 | G11: 1 | H11: 10 | I11: 56900017016 | J11: 내선전공 | K11: 0.11 | L11: 120 | M11: =IF(G11*K11=0, "", G11*K11*(L11/100)) -> 0.132 | N11: 전기5-1 | V11: =M11 -> 0.132
A12: =+B12&C12&D12 -> 노 무 비내선전공인 | B12: 노 무 비 | C12: 내선전공 | D12: 인 | E12: =+F12%*G12 -> 0.132 | F12: 100 | G12: =SUM(V11) -> 0.132 | M12: =IF(G12*K12=0, "", G12*K12*(L12/100)) | U12: 노임계 | V12: =SUM(V11) -> 0.132
A13: =+B13&C13&D13 -> [ 제 1-3호 ] 강제전선관(노출) 아연도 28 mm [M] | B13: [ 제 1-3호 ] 강제전선관(노출) 아연도 28 mm [M]
A14: =+B14&C14&D14 -> 강제전선관(노출)아연도 28 mmM | B14: 강제전선관(노출) | C14: 아연도 28 mm | D14: M | E14: 1 | F14: =IF(G14<>0, E14-G14, "") -> 0 | G14: 1 | H14: 10 | I14: 56900017016 | J14: 내선전공 | K14: 0.14 | L14: 120 | M14: =IF(G14*K14=0, "", G14*K14*(L14/100)) -> 0.168 | N14: 전기5-1 | V14: =M14 -> 0.168
A15: =+B15&C15&D15 -> 노 무 비내선전공인 | B15: 노 무 비 | C15: 내선전공 | D15: 인 | E15: =+F15%*G15 -> 0.168 | F15: 100 | G15: =SUM(V14) -> 0.168 | M15: =IF(G15*K15=0, "", G15*K15*(L15/100)) | U15: 노임계 | V15: =SUM(V14) -> 0.168
A16: =+B16&C16&D16 -> [ 제 1-4호 ] 강제전선관(노출) 아연도 36 mm [M] | B16: [ 제 1-4호 ] 강제전선관(노출) 아연도 36 mm [M]
A17: =+B17&C17&D17 -> 강제전선관(노출)아연도 36 mmM | B17: 강제전선관(노출) | C17: 아연도 36 mm | D17: M | E17: 1 | F17: =IF(G17<>0, E17-G17, "") -> 0 | G17: 1 | H17: 10 | I17: 56900017016 | J17: 내선전공 | K17: 0.2 | L17: 120 | M17: =IF(G17*K17=0, "", G17*K17*(L17/100)) -> 0.24 | N17: 전기5-1 | V17: =M17 -> 0.24
A18: =+B18&C18&D18 -> 노 무 비내선전공인 | B18: 노 무 비 | C18: 내선전공 | D18: 인 | E18: =+F18%*G18 -> 0.24 | F18: 100 | G18: =SUM(V17) -> 0.24 | M18: =IF(G18*K18=0, "", G18*K18*(L18/100)) | U18: 노임계 | V18: =SUM(V17) -> 0.24
A19: =+B19&C19&D19 -> [ 제 1-5호 ] 강제전선관(노출) 아연도 42 mm [M] | B19: [ 제 1-5호 ] 강제전선관(노출) 아연도 42 mm [M]
A20: =+B20&C20&D20 -> 강제전선관(노출)아연도 42 mmM | B20: 강제전선관(노출) | C20: 아연도 42 mm | D20: M | E20: 1 | F20: =IF(G20<>0, E20-G20, "") -> 0 | G20: 1 | H20: 10 | I20: 56900017016 | J20: 내선전공 | K20: 0.25 | L20: 120 | M20: =IF(G20*K20=0, "", G20*K20*(L20/100)) -> 0.3 | N20: 전기5-1 | V20: =M20 -> 0.3
A21: =+B21&C21&D21 -> 노 무 비내선전공인 | B21: 노 무 비 | C21: 내선전공 | D21: 인 | E21: =+F21%*G21 -> 0.3 | F21: 100 | G21: =SUM(V20) -> 0.3 | M21: =IF(G21*K21=0, "", G21*K21*(L21/100)) | U21: 노임계 | V21: =SUM(V20) -> 0.3
A22: =+B22&C22&D22 -> [ 제 1-6호 ] 강제전선관(노출) 아연도 54 mm [M] | B22: [ 제 1-6호 ] 강제전선관(노출) 아연도 54 mm [M]
A23: =+B23&C23&D23 -> 강제전선관(노출)아연도 54 mmM | B23: 강제전선관(노출) | C23: 아연도 54 mm | D23: M | E23: 1 | F23: =IF(G23<>0, E23-G23, "") -> 0 | G23: 1 | H23: 10 | I23: 56900017016 | J23: 내선전공 | K23: 0.34 | L23: 120 | M23: =IF(G23*K23=0, "", G23*K23*(L23/100)) -> 0.408 | N23: 전기5-1 | V23: =M23 -> 0.408
A24: =+B24&C24&D24 -> 노 무 비내선전공인 | B24: 노 무 비 | C24: 내선전공 | D24: 인 | E24: =+F24%*G24 -> 0.408 | F24: 100 | G24: =SUM(V23) -> 0.408 | M24: =IF(G24*K24=0, "", G24*K24*(L24/100)) | U24: 노임계 | V24: =SUM(V23) -> 0.408
A25: =+B25&C25&D25 -> [ 제 1-7호 ] 강제전선관(노출) 아연도 70 mm [M] | B25: [ 제 1-7호 ] 강제전선관(노출) 아연도 70 mm [M]
A26: =+B26&C26&D26 -> 강제전선관(노출)아연도 70 mmM | B26: 강제전선관(노출) | C26: 아연도 70 mm | D26: M | E26: 1 | F26: =IF(G26<>0, E26-G26, "") -> 0 | G26: 1 | H26: 10 | I26: 56900017016 | J26: 내선전공 | K26: 0.44 | L26: 120 | M26: =IF(G26*K26=0, "", G26*K26*(L26/100)) -> 0.528 | N26: 전기5-1 | V26: =M26 -> 0.528
A27: =+B27&C27&D27 -> 노 무 비내선전공인 | B27: 노 무 비 | C27: 내선전공 | D27: 인 | E27: =+F27%*G27 -> 0.528 | F27: 100 | G27: =SUM(V26) -> 0.528 | M27: =IF(G27*K27=0, "", G27*K27*(L27/100)) | U27: 노임계 | V27: =SUM(V26) -> 0.528
A28: =+B28&C28&D28 -> [ 제 1-8호 ] 강제전선관(노출) 아연도 82 mm [M] | B28: [ 제 1-8호 ] 강제전선관(노출) 아연도 82 mm [M]
A29: =+B29&C29&D29 -> 강제전선관(노출)아연도 82 mmM | B29: 강제전선관(노출) | C29: 아연도 82 mm | D29: M | E29: 1 | F29: =IF(G29<>0, E29-G29, "") -> 0 | G29: 1 | H29: 10 | I29: 56900017016 | J29: 내선전공 | K29: 0.54 | L29: 120 | M29: =IF(G29*K29=0, "", G29*K29*(L29/100)) -> 0.648 | N29: 전기5-1 | V29: =M29 -> 0.648
A30: =+B30&C30&D30 -> 노 무 비내선전공인 | B30: 노 무 비 | C30: 내선전공 | D30: 인 | E30: =+F30%*G30 -> 0.648 | F30: 100 | G30: =SUM(V29) -> 0.648 | M30: =IF(G30*K30=0, "", G30*K30*(L30/100)) | U30: 노임계 | V30: =SUM(V29) -> 0.648
A31: =+B31&C31&D31 -> [ 제 1-9호 ] 강제전선관(노출) 아연도 104 mm [M] | B31: [ 제 1-9호 ] 강제전선관(노출) 아연도 104 mm [M]
A32: =+B32&C32&D32 -> 강제전선관(노출)아연도 104 mmM | B32: 강제전선관(노출) | C32: 아연도 104 mm | D32: M | E32: 1 | F32: =IF(G32<>0, E32-G32, "") -> 0 | G32: 1 | H32: 10 | I32: 56900017016 | J32: 내선전공 | K32: 0.71 | L32: 120 | M32: =IF(G32*K32=0, "", G32*K32*(L32/100)) -> 0.852 | N32: 전기5-1 | V32: =M32 -> 0.852
A33: =+B33&C33&D33 -> 노 무 비내선전공인 | B33: 노 무 비 | C33: 내선전공 | D33: 인 | E33: =+F33%*G33 -> 0.852 | F33: 100 | G33: =SUM(V32) -> 0.852 | M33: =IF(G33*K33=0, "", G33*K33*(L33/100)) | U33: 노임계 | V33: =SUM(V32) -> 0.852
A34: =+B34&C34&D34 -> [제 2-1호] 경질비닐전선관 HI 22 mm [M] | B34: [제 2-1호] 경질비닐전선관 HI 22 mm [M]
A35: =+B35&C35&D35 -> 경질비닐전선관HI 22 mmM | B35: 경질비닐전선관 | C35: HI 22 mm | D35: M | E35: 1 | F35: =IF(G35<>0, E35-G35, "") -> 0 | G35: 1 | H35: 10 | I35: 56900017016 | J35: 내선전공 | K35: 0.06 | L35: 100 | M35: =IF(G35*K35=0, "", G35*K35*(L35/100)) -> 0.06 | N35: 전기5-1 | V35: =M35 -> 0.06
A36: =+B36&C36&D36 -> 노 무 비내선전공인 | B36: 노 무 비 | C36: 내선전공 | D36: 인 | E36: =+F36%*G36 -> 0.06 | F36: 100 | G36: =SUM(V35) -> 0.06 | M36: =IF(G36*K36=0, "", G36*K36*(L36/100)) | U36: 노임계 | V36: =SUM(V35) -> 0.06
A37: =+B37&C37&D37 -> [제 2-2호] 경질비닐전선관 HI 28 mm [M] | B37: [제 2-2호] 경질비닐전선관 HI 28 mm [M]
A38: =+B38&C38&D38 -> 경질비닐전선관HI 28 mmM | B38: 경질비닐전선관 | C38: HI 28 mm | D38: M | E38: 1 | F38: =IF(G38<>0, E38-G38, "") -> 0 | G38: 1 | H38: 10 | I38: 56900017016 | J38: 내선전공 | K38: 0.08 | L38: 100 | M38: =IF(G38*K38=0, "", G38*K38*(L38/100)) -> 0.08 | N38: 전기5-1 | V38: =M38 -> 0.08
A39: =+B39&C39&D39 -> 노 무 비내선전공인 | B39: 노 무 비 | C39: 내선전공 | D39: 인 | E39: =+F39%*G39 -> 0.08 | F39: 100 | G39: =SUM(V38) -> 0.08 | M39: =IF(G39*K39=0, "", G39*K39*(L39/100)) | U39: 노임계 | V39: =SUM(V38) -> 0.08
A40: =+B40&C40&D40 -> [제 2-3호] 경질비닐전선관 HI 36 mm [M] | B40: [제 2-3호] 경질비닐전선관 HI 36 mm [M]
A41: =+B41&C41&D41 -> 경질비닐전선관HI 36 mmM | B41: 경질비닐전선관 | C41: HI 36 mm | D41: M | E41: 1 | F41: =IF(G41<>0, E41-G41, "") -> 0 | G41: 1 | H41: 10 | I41: 56900017016 | J41: 내선전공 | K41: 0.1 | L41: 100 | M41: =IF(G41*K41=0, "", G41*K41*(L41/100)) -> 0.1 | N41: 전기5-1 | V41: =M41 -> 0.1
A42: =+B42&C42&D42 -> 노 무 비내선전공인 | B42: 노 무 비 | C42: 내선전공 | D42: 인 | E42: =+F42%*G42 -> 0.1 | F42: 100 | G42: =SUM(V41) -> 0.1 | M42: =IF(G42*K42=0, "", G42*K42*(L42/100)) | U42: 노임계 | V42: =SUM(V41) -> 0.1
A43: =+B43&C43&D43 -> [제 2-4호] 경질비닐전선관 HI 42 mm [M] | B43: [제 2-4호] 경질비닐전선관 HI 42 mm [M]
A44: =+B44&C44&D44 -> 경질비닐전선관HI 42 mmM | B44: 경질비닐전선관 | C44: HI 42 mm | D44: M | E44: 1 | F44: =IF(G44<>0, E44-G44, "") -> 0 | G44: 1 | H44: 10 | I44: 56900017016 | J44: 내선전공 | K44: 0.13 | L44: 100 | M44: =IF(G44*K44=0, "", G44*K44*(L44/100)) -> 0.13 | N44: 전기5-1 | V44: =M44 -> 0.13
A45: =+B45&C45&D45 -> 노 무 비내선전공인 | B45: 노 무 비 | C45: 내선전공 | D45: 인 | E45: =+F45%*G45 -> 0.13 | F45: 100 | G45: =SUM(V44) -> 0.13 | M45: =IF(G45*K45=0, "", G45*K45*(L45/100)) | U45: 노임계 | V45: =SUM(V44) -> 0.13
A46: =+B46&C46&D46 -> [제 2-5] 경질비닐전선관 HI 54 mm [M] | B46: [제 2-5] 경질비닐전선관 HI 54 mm [M]
A47: =+B47&C47&D47 -> 경질비닐전선관HI 54 mmM | B47: 경질비닐전선관 | C47: HI 54 mm | D47: M | E47: 1 | F47: =IF(G47<>0, E47-G47, "") -> 0 | G47: 1 | H47: 10 | I47: 56900017016 | J47: 내선전공 | K47: 0.19 | L47: 100 | M47: =IF(G47*K47=0, "", G47*K47*(L47/100)) -> 0.19 | N47: 전기5-1 | V47: =M47 -> 0.19
A48: =+B48&C48&D48 -> 노 무 비내선전공인 | B48: 노 무 비 | C48: 내선전공 | D48: 인 | E48: =+F48%*G48 -> 0.19 | F48: 100 | G48: =SUM(V47) -> 0.19 | M48: =IF(G48*K48=0, "", G48*K48*(L48/100)) | U48: 노임계 | V48: =SUM(V47) -> 0.19
A49: =+B49&C49&D49 -> [제 2-6] 경질비닐전선관 HI 16 mm [M] | B49: [제 2-6] 경질비닐전선관 HI 16 mm [M]
A50: =+B50&C50&D50 -> 경질비닐전선관HI 16 mmM | B50: 경질비닐전선관 | C50: HI 16 mm | D50: M | E50: 1 | F50: =IF(G50<>0, E50-G50, "") -> 0 | G50: 1 | H50: 10 | I50: 56900017016 | J50: 내선전공 | K50: 0.05 | L50: 100 | M50: =IF(G50*K50=0, "", G50*K50*(L50/100)) -> 0.05 | N50: 전기5-1 | V50: =M50 -> 0.05
A51: =+B51&C51&D51 -> 노 무 비내선전공인 | B51: 노 무 비 | C51: 내선전공 | D51: 인 | E51: =+F51%*G51 -> 0.05 | F51: 100 | G51: =SUM(V50) -> 0.05 | M51: =IF(G51*K51=0, "", G51*K51*(L51/100)) | U51: 노임계 | V51: =SUM(V50) -> 0.05
A52: =+B52&C52&D52 -> [ 제 3-1호 ] 파상형 폴리에틸렌 전선관 30㎜ [M] | B52: [ 제 3-1호 ] 파상형 폴리에틸렌 전선관 30㎜ [M]
A53: =+B53&C53&D53 -> 파상형 폴리에틸렌 전선관30㎜M | B53: 파상형 폴리에틸렌 전선관 | C53: 30㎜ | D53: M | E53: 1 | F53: =IF(G53<>0, E53-G53, "") -> 0 | G53: 1 | H53: 3 | I53: 56900017031 | J53: 배전전공 | K53: 0.006 | L53: 100 | M53: =IF(G53*K53=0, "", G53*K53*(L53/100)) -> 0.006 | N53: 전기4-31 | X53: =M53 -> 0.006 | Y53: =M54 -> 0.014
A54: =+B54&C54&D54 | E54: 1 | F54: =IF(G54<>0, E54-G54, "") -> 0 | G54: 1 | H54: 3 | I54: 56900017041 | J54: 보통인부 | K54: 0.014 | L54: 100 | M54: =IF(G54*K54=0, "", G54*K54*(L54/100)) -> 0.014 | N54: 전기4-31
A55: =+B55&C55&D55 -> 노 무 비배전전공인 | B55: 노 무 비 | C55: 배전전공 | D55: 인 | E55: =+F55%*G55 -> 0.006 | F55: 100 | G55: =SUM(X53:X54) -> 0.006 | M55: =IF(G55*K55=0, "", G55*K55*(L55/100)) | U55: 노임계 | X55: =SUM(X53:X54) -> 0.006 | Y55: =SUM(Y53:Y54) -> 0.014
A56: =+B56&C56&D56 -> 노 무 비보통인부인 | B56: 노 무 비 | C56: 보통인부 | D56: 인 | E56: =+F56%*G56 -> 0.014 | F56: 100 | G56: =SUM(Y53:Y54) -> 0.014 | M56: =IF(G56*K56=0, "", G56*K56*(L56/100))
A57: =+B57&C57&D57 -> [ 제 3-2호 ] 파상형 폴리에틸렌 전선관 40㎜ [M] | B57: [ 제 3-2호 ] 파상형 폴리에틸렌 전선관 40㎜ [M]
A58: =+B58&C58&D58 -> 파상형 폴리에틸렌 전선관40㎜M | B58: 파상형 폴리에틸렌 전선관 | C58: 40㎜ | D58: M | E58: 1 | F58: =IF(G58<>0, E58-G58, "") -> 0 | G58: 1 | H58: 3 | I58: 56900017031 | J58: 배전전공 | K58: 0.007 | L58: 100 | M58: =IF(G58*K58=0, "", G58*K58*(L58/100)) -> 0.007 | N58: 전기4-31 | X58: =M58 -> 0.007 | Y58: =M59 -> 0.018
A59: =+B59&C59&D59 | E59: 1 | F59: =IF(G59<>0, E59-G59, "") -> 0 | G59: 1 | H59: 3 | I59: 56900017041 | J59: 보통인부 | K59: 0.018 | L59: 100 | M59: =IF(G59*K59=0, "", G59*K59*(L59/100)) -> 0.018 | N59: 전기4-31
A60: =+B60&C60&D60 -> 노 무 비배전전공인 | B60: 노 무 비 | C60: 배전전공 | D60: 인 | E60: =+F60%*G60 -> 0.007 | F60: 100 | G60: =SUM(X58:X59) -> 0.007 | M60: =IF(G60*K60=0, "", G60*K60*(L60/100)) | U60: 노임계 | X60: =SUM(X58:X59) -> 0.007 | Y60: =SUM(Y58:Y59) -> 0.018
A61: =+B61&C61&D61 -> 노 무 비보통인부인 | B61: 노 무 비 | C61: 보통인부 | D61: 인 | E61: =+F61%*G61 -> 0.018 | F61: 100 | G61: =SUM(Y58:Y59) -> 0.018 | M61: =IF(G61*K61=0, "", G61*K61*(L61/100))
A62: =+B62&C62&D62 -> [ 제 3-3호 ] 파상형 폴리에틸렌 전선관 50㎜ [M] | B62: [ 제 3-3호 ] 파상형 폴리에틸렌 전선관 50㎜ [M]
A63: =+B63&C63&D63 -> 파상형 폴리에틸렌 전선관50㎜M | B63: 파상형 폴리에틸렌 전선관 | C63: 50㎜ | D63: M | E63: 1 | F63: =IF(G63<>0, E63-G63, "") -> 0 | G63: 1 | H63: 3 | I63: 56900017031 | J63: 배전전공 | K63: 0.007 | L63: 100 | M63: =IF(G63*K63=0, "", G63*K63*(L63/100)) -> 0.007 | N63: 전기4-31 | X63: =M63 -> 0.007 | Y63: =M64 -> 0.018
A64: =+B64&C64&D64 | E64: 1 | F64: =IF(G64<>0, E64-G64, "") -> 0 | G64: 1 | H64: 3 | I64: 56900017041 | J64: 보통인부 | K64: 0.018 | L64: 100 | M64: =IF(G64*K64=0, "", G64*K64*(L64/100)) -> 0.018 | N64: 전기4-31
A65: =+B65&C65&D65 -> 노 무 비배전전공인 | B65: 노 무 비 | C65: 배전전공 | D65: 인 | E65: =+F65%*G65 -> 0.007 | F65: 100 | G65: =SUM(X63:X64) -> 0.007 | M65: =IF(G65*K65=0, "", G65*K65*(L65/100)) | U65: 노임계 | X65: =SUM(X63:X64) -> 0.007 | Y65: =SUM(Y63:Y64) -> 0.018
A66: =+B66&C66&D66 -> 노 무 비보통인부인 | B66: 노 무 비 | C66: 보통인부 | D66: 인 | E66: =+F66%*G66 -> 0.018 | F66: 100 | G66: =SUM(Y63:Y64) -> 0.018 | M66: =IF(G66*K66=0, "", G66*K66*(L66/100))
A67: =+B67&C67&D67 -> [제 3-4호] 파상형 폴리에틸렌 전선관 65㎜ [M] | B67: [제 3-4호] 파상형 폴리에틸렌 전선관 65㎜ [M]
A68: =+B68&C68&D68 -> 파상형 폴리에틸렌 전선관65㎜M | B68: 파상형 폴리에틸렌 전선관 | C68: 65㎜ | D68: M | E68: 1 | F68: =IF(G68<>0, E68-G68, "") -> 0 | G68: 1 | H68: 3 | I68: 56900017031 | J68: 배전전공 | K68: 0.009 | L68: 100 | M68: =IF(G68*K68=0, "", G68*K68*(L68/100)) -> 0.009 | N68: 전기4-31 | X68: =M68 -> 0.009 | Y68: =M69 -> 0.022
A69: =+B69&C69&D69 | E69: 1 | F69: =IF(G69<>0, E69-G69, "") -> 0 | G69: 1 | H69: 3 | I69: 56900017041 | J69: 보통인부 | K69: 0.022 | L69: 100 | M69: =IF(G69*K69=0, "", G69*K69*(L69/100)) -> 0.022 | N69: 전기4-31
A70: =+B70&C70&D70 -> 노 무 비배전전공인 | B70: 노 무 비 | C70: 배전전공 | D70: 인 | E70: =+F70%*G70 -> 0.009 | F70: 100 | G70: =SUM(X68:X69) -> 0.009 | M70: =IF(G70*K70=0, "", G70*K70*(L70/100)) | U70: 노임계 | X70: =SUM(X68:X69) -> 0.009 | Y70: =SUM(Y68:Y69) -> 0.022
A71: =+B71&C71&D71 -> 노 무 비보통인부인 | B71: 노 무 비 | C71: 보통인부 | D71: 인 | E71: =+F71%*G71 -> 0.022 | F71: 100 | G71: =SUM(Y68:Y69) -> 0.022 | M71: =IF(G71*K71=0, "", G71*K71*(L71/100))
A72: =+B72&C72&D72 -> [제 3-5호] 파상형 폴리에틸렌 전선관 80㎜ [M] | B72: [제 3-5호] 파상형 폴리에틸렌 전선관 80㎜ [M]
A73: =+B73&C73&D73 -> 파상형 폴리에틸렌 전선관80㎜M | B73: 파상형 폴리에틸렌 전선관 | C73: 80㎜ | D73: M | E73: 1 | F73: =IF(G73<>0, E73-G73, "") -> 0 | G73: 1 | H73: 3 | I73: 56900017031 | J73: 배전전공 | K73: 0.009 | L73: 100 | M73: =IF(G73*K73=0, "", G73*K73*(L73/100)) -> 0.009 | N73: 전기4-31 | X73: =M73 -> 0.009 | Y73: =M74 -> 0.022
A74: =+B74&C74&D74 | E74: 1 | F74: =IF(G74<>0, E74-G74, "") -> 0 | G74: 1 | H74: 3 | I74: 56900017041 | J74: 보통인부 | K74: 0.022 | L74: 100 | M74: =IF(G74*K74=0, "", G74*K74*(L74/100)) -> 0.022 | N74: 전기4-31
A75: =+B75&C75&D75 -> 노 무 비배전전공인 | B75: 노 무 비 | C75: 배전전공 | D75: 인 | E75: =+F75%*G75 -> 0.009 | F75: 100 | G75: =SUM(X73:X74) -> 0.009 | M75: =IF(G75*K75=0, "", G75*K75*(L75/100)) | U75: 노임계 | X75: =SUM(X73:X74) -> 0.009 | Y75: =SUM(Y73:Y74) -> 0.022
A76: =+B76&C76&D76 -> 노 무 비보통인부인 | B76: 노 무 비 | C76: 보통인부 | D76: 인 | E76: =+F76%*G76 -> 0.022 | F76: 100 | G76: =SUM(Y73:Y74) -> 0.022 | M76: =IF(G76*K76=0, "", G76*K76*(L76/100))
A77: =+B77&C77&D77 -> [제 3-6호] 파상형 폴리에틸렌 전선관 100㎜ [M] | B77: [제 3-6호] 파상형 폴리에틸렌 전선관 100㎜ [M]
A78: =+B78&C78&D78 -> 파상형 폴리에틸렌 전선관100㎜M | B78: 파상형 폴리에틸렌 전선관 | C78: 100㎜ | D78: M | E78: 1 | F78: =IF(G78<>0, E78-G78, "") -> 0 | G78: 1 | H78: 3 | I78: 56900017031 | J78: 배전전공 | K78: 0.012 | L78: 100 | M78: =IF(G78*K78=0, "", G78*K78*(L78/100)) -> 0.012 | N78: 전기4-31 | X78: =M78 -> 0.012 | Y78: =M79 -> 0.036
A79: =+B79&C79&D79 | E79: 1 | F79: =IF(G79<>0, E79-G79, "") -> 0 | G79: 1 | H79: 3 | I79: 56900017041 | J79: 보통인부 | K79: 0.036 | L79: 100 | M79: =IF(G79*K79=0, "", G79*K79*(L79/100)) -> 0.036 | N79: 전기4-31
A80: =+B80&C80&D80 -> 노 무 비배전전공인 | B80: 노 무 비 | C80: 배전전공 | D80: 인 | E80: =+F80%*G80 -> 0.012 | F80: 100 | G80: =SUM(X78:X79) -> 0.012 | M80: =IF(G80*K80=0, "", G80*K80*(L80/100)) | U80: 노임계 | X80: =SUM(X78:X79) -> 0.012 | Y80: =SUM(Y78:Y79) -> 0.036
A81: =+B81&C81&D81 -> 노 무 비보통인부인 | B81: 노 무 비 | C81: 보통인부 | D81: 인 | E81: =+F81%*G81 -> 0.036 | F81: 100 | G81: =SUM(Y78:Y79) -> 0.036 | M81: =IF(G81*K81=0, "", G81*K81*(L81/100))
A82: =+B82&C82&D82 -> [ 제 4-1호 ] 1종금속제가요전선관 16 mm 일반-방수 [M] | B82: [ 제 4-1호 ] 1종금속제가요전선관 16 mm 일반-방수 [M]
A83: =+B83&C83&D83 -> 1종금속제가요전선관16 mm 일반-방수M | B83: 1종금속제가요전선관 | C83: 16 mm 일반-방수 | D83: M | E83: 1 | F83: =IF(G83<>0, E83-G83, "") -> 0 | G83: 1 | H83: 10 | I83: 56900017016 | J83: 내선전공 | K83: 0.044 | L83: 100 | M83: =IF(G83*K83=0, "", G83*K83*(L83/100)) -> 0.044 | N83: 전기5-1 | V83: =M83 -> 0.044
A84: =+B84&C84&D84 -> 노 무 비내선전공인 | B84: 노 무 비 | C84: 내선전공 | D84: 인 | E84: =+F84%*G84 -> 0.044 | F84: 100 | G84: =SUM(V83) -> 0.044 | M84: =IF(G84*K84=0, "", G84*K84*(L84/100)) | U84: 노임계 | V84: =SUM(V83) -> 0.044
A85: =+B85&C85&D85 -> [ 제 4-2호 ] 1종금속제가요전선관 22 mm 일반-방수 [M] | B85: [ 제 4-2호 ] 1종금속제가요전선관 22 mm 일반-방수 [M]
A86: =+B86&C86&D86 -> 1종금속제가요전선관22 mm 일반-방수M | B86: 1종금속제가요전선관 | C86: 22 mm 일반-방수 | D86: M | E86: 1 | F86: =IF(G86<>0, E86-G86, "") -> 0 | G86: 1 | H86: 10 | I86: 56900017016 | J86: 내선전공 | K86: 0.059 | L86: 100 | M86: =IF(G86*K86=0, "", G86*K86*(L86/100)) -> 0.059 | N86: 전기5-1 | V86: =M86 -> 0.059
A87: =+B87&C87&D87 -> 노 무 비내선전공인 | B87: 노 무 비 | C87: 내선전공 | D87: 인 | E87: =+F87%*G87 -> 0.059 | F87: 100 | G87: =SUM(V86) -> 0.059 | M87: =IF(G87*K87=0, "", G87*K87*(L87/100)) | U87: 노임계 | V87: =SUM(V86) -> 0.059
A88: =+B88&C88&D88 -> [ 제 4-3호 ] 1종금속제가요전선관 28 mm 일반-방수 [M] | B88: [ 제 4-3호 ] 1종금속제가요전선관 28 mm 일반-방수 [M]
A89: =+B89&C89&D89 -> 1종금속제가요전선관28 mm 일반-방수M | B89: 1종금속제가요전선관 | C89: 28 mm 일반-방수 | D89: M | E89: 1 | F89: =IF(G89<>0, E89-G89, "") -> 0 | G89: 1 | H89: 10 | I89: 56900017016 | J89: 내선전공 | K89: 0.072 | L89: 100 | M89: =IF(G89*K89=0, "", G89*K89*(L89/100)) -> 0.072 | N89: 전기5-1 | V89: =M89 -> 0.072
A90: =+B90&C90&D90 -> 노 무 비내선전공인 | B90: 노 무 비 | C90: 내선전공 | D90: 인 | E90: =+F90%*G90 -> 0.072 | F90: 100 | G90: =SUM(V89) -> 0.072 | M90: =IF(G90*K90=0, "", G90*K90*(L90/100)) | U90: 노임계 | V90: =SUM(V89) -> 0.072
A91: =+B91&C91&D91 -> [ 제 4-4호 ] 1종금속제가요전선관 36 mm 일반-방수 [M] | B91: [ 제 4-4호 ] 1종금속제가요전선관 36 mm 일반-방수 [M]
A92: =+B92&C92&D92 -> 1종금속제가요전선관36 mm 일반-방수M | B92: 1종금속제가요전선관 | C92: 36 mm 일반-방수 | D92: M | E92: 1 | F92: =IF(G92<>0, E92-G92, "") -> 0 | G92: 1 | H92: 10 | I92: 56900017016 | J92: 내선전공 | K92: 0.087 | L92: 100 | M92: =IF(G92*K92=0, "", G92*K92*(L92/100)) -> 0.087 | N92: 전기5-1 | V92: =M92 -> 0.087
A93: =+B93&C93&D93 -> 노 무 비내선전공인 | B93: 노 무 비 | C93: 내선전공 | D93: 인 | E93: =+F93%*G93 -> 0.087 | F93: 100 | G93: =SUM(V92) -> 0.087 | M93: =IF(G93*K93=0, "", G93*K93*(L93/100)) | U93: 노임계 | V93: =SUM(V92) -> 0.087
A94: =+B94&C94&D94 -> [ 제 4-5호 ] 1종금속제가요전선관 42 mm 일반-방수 [M] | B94: [ 제 4-5호 ] 1종금속제가요전선관 42 mm 일반-방수 [M]
A95: =+B95&C95&D95 -> 1종금속제가요전선관42 mm 일반-방수M | B95: 1종금속제가요전선관 | C95: 42 mm 일반-방수 | D95: M | E95: 1 | F95: =IF(G95<>0, E95-G95, "") -> 0 | G95: 1 | H95: 10 | I95: 56900017016 | J95: 내선전공 | K95: 0.104 | L95: 100 | M95: =IF(G95*K95=0, "", G95*K95*(L95/100)) -> 0.104 | N95: 전기5-1 | V95: =M95 -> 0.104
A96: =+B96&C96&D96 -> 노 무 비내선전공인 | B96: 노 무 비 | C96: 내선전공 | D96: 인 | E96: =+F96%*G96 -> 0.104 | F96: 100 | G96: =SUM(V95) -> 0.104 | M96: =IF(G96*K96=0, "", G96*K96*(L96/100)) | U96: 노임계 | V96: =SUM(V95) -> 0.104
A97: =+B97&C97&D97 -> [ 제 4-6호 ] 1종금속제가요전선관 54 mm 일반-방수 [M] | B97: [ 제 4-6호 ] 1종금속제가요전선관 54 mm 일반-방수 [M]
A98: =+B98&C98&D98 -> 1종금속제가요전선관54 mm 일반-방수M | B98: 1종금속제가요전선관 | C98: 54 mm 일반-방수 | D98: M | E98: 1 | F98: =IF(G98<>0, E98-G98, "") -> 0 | G98: 1 | H98: 10 | I98: 56900017016 | J98: 내선전공 | K98: 0.136 | L98: 100 | M98: =IF(G98*K98=0, "", G98*K98*(L98/100)) -> 0.136 | N98: 전기5-1 | V98: =M98 -> 0.136
A99: =+B99&C99&D99 -> 노 무 비내선전공인 | B99: 노 무 비 | C99: 내선전공 | D99: 인 | E99: =+F99%*G99 -> 0.136 | F99: 100 | G99: =SUM(V98) -> 0.136 | M99: =IF(G99*K99=0, "", G99*K99*(L99/100)) | U99: 노임계 | V99: =SUM(V98) -> 0.136
A100: =+B100&C100&D100 -> [ 제 4-7호 ] 1종금속제가요전선관 70 mm 일반-방수 [M] | B100: [ 제 4-7호 ] 1종금속제가요전선관 70 mm 일반-방수 [M]
...

Sheet 단가표
B1: 단 가 조 사 표
B2: ──────────
B3: (표 3)
B4: 용역명 : 2022년 민간보급 완속충전기 설치공사 검토 | Q4: 단위 : 원
B5: 품 명 | C5: 규 격 | D5: 단위 | E5: 유통물가(7월호) | G5: 거래가격(7월호) | I5: 물가정보(7월호) | K5: 물가자료(7월호) | M5: 조달청 가격정보 | N5: 견 적 단 가 | P5: 최저단가 | Q5: 적용단가 | R5: 자재적용율 | S5: 8/30요청금액 | U5: 노무비적용율
E6: 단가 | F6: PAGE | G6: 단가 | H6: PAGE | I6: 단가 | J6: PAGE | K6: 단가 | L6: PAGE | N6: A업체 | O6: B업체 | R6: 0.85 | U6: 0.85
A7: =+CONCATENATE(B7,C7,D7) -> 강제전선관(노출)아연도 16 mmM | B7: 강제전선관(노출) | C7: 아연도 16 mm | D7: M | E7: 3375 | F7: 864 | G7: 2980 | H7: 1028 | I7: 3214 | J7: 1230 | K7: 3440 | L7: 1123 | M7: 2530 | P7: =+MIN(E7,G7,I7,K7,M7,N7,O7) -> 2530 | Q7: =+TRUNC(P7*$R$6,-1) -> 2150
A8: =+CONCATENATE(B8,C8,D8) -> 강제전선관(노출)아연도 22 mmM | B8: 강제전선관(노출) | C8: 아연도 22 mm | D8: M | E8: 4368 | F8: 864 | G8: 3854 | H8: 1028 | I8: 4160 | J8: 1230 | K8: 4450 | L8: 1123 | M8: 3274 | P8: =+MIN(E8,G8,I8,K8,M8,N8,O8) -> 3274 | Q8: =+TRUNC(P8*$R$6,-1) -> 2780
A9: =+CONCATENATE(B9,C9,D9) -> 강제전선관(노출)아연도 28 mmM | B9: 강제전선관(노출) | C9: 아연도 28 mm | D9: M | E9: 5710 | F9: 864 | G9: 5017 | H9: 1028 | I9: 5438 | J9: 1230 | K9: 5820 | L9: 1123 | M9: 4264 | P9: =+MIN(E9,G9,I9,K9,M9,N9,O9) -> 4264 | Q9: =+TRUNC(P9*$R$6,-1) -> 3620
A10: =+CONCATENATE(B10,C10,D10) -> 강제전선관(노출)아연도 36 mmM | B10: 강제전선관(노출) | C10: 아연도 36 mm | D10: M | E10: 7307 | F10: 864 | G10: 6417 | H10: 1028 | I10: 6959 | J10: 1230 | K10: 7440 | L10: 1123 | M10: 5475 | P10: =+MIN(E10,G10,I10,K10,M10,N10,O10) -> 5475 | Q10: =+TRUNC(P10*$R$6,-1) -> 4650
A11: =+CONCATENATE(B11,C11,D11) -> 강제전선관(노출)아연도 42 mmM | B11: 강제전선관(노출) | C11: 아연도 42 mm | D11: M | E11: 8402 | F11: 864 | G11: 7378 | H11: 1028 | I11: 8002 | J11: 1230 | K11: 8560 | L11: 1123 | M11: 6269 | P11: =+MIN(E11,G11,I11,K11,M11,N11,O11) -> 6269 | Q11: =+TRUNC(P11*$R$6,-1) -> 5320
A12: =+CONCATENATE(B12,C12,D12) -> 강제전선관(노출)아연도 54 mmM | B12: 강제전선관(노출) | C12: 아연도 54 mm | D12: M | E12: 11801 | F12: 864 | G12: 10363 | H12: 1028 | I12: 11239 | J12: 1230 | K12: 12020 | L12: 1123 | M12: 8844 | P12: =+MIN(E12,G12,I12,K12,M12,N12,O12) -> 8844 | Q12: =+TRUNC(P12*$R$6,-1) -> 7510
A13: =+CONCATENATE(B13,C13,D13) -> 강제전선관(노출)아연도 70 mmM | B13: 강제전선관(노출) | C13: 아연도 70 mm | D13: M | E13: 15043 | F13: 864 | G13: 13211 | H13: 1028 | I13: 14327 | J13: 1230 | K13: 15320 | L13: 1123 | M13: 11260 | P13: =+MIN(E13,G13,I13,K13,M13,N13,O13) -> 11260 | Q13: =+TRUNC(P13*$R$6,-1) -> 9570
A14: =+CONCATENATE(B14,C14,D14) -> 강제전선관(노출)아연도 82 mmM | B14: 강제전선관(노출) | C14: 아연도 82 mm | D14: M | E14: 17332 | F14: 864 | G14: 15192 | H14: 1028 | I14: 16507 | J14: 1230 | K14: 17660 | L14: 1123 | M14: 12972 | P14: =+MIN(E14,G14,I14,K14,M14,N14,O14) -> 12972 | Q14: =+TRUNC(P14*$R$6,-1) -> 11020
A15: =+CONCATENATE(B15,C15,D15) -> 강제전선관(노출)아연도 104 mmM | B15: 강제전선관(노출) | C15: 아연도 104 mm | D15: M | E15: 27983 | F15: 864 | G15: 24523 | H15: 1028 | I15: 26650 | J15: 1230 | K15: 28550 | L15: 1123 | M15: 20843 | P15: =+MIN(E15,G15,I15,K15,M15,N15,O15) -> 20843 | Q15: =+TRUNC(P15*$R$6,-1) -> 17710
A16: =+CONCATENATE(B16,C16,D16) -> 경질비닐전선관HI 22 mmM | B16: 경질비닐전선관 | C16: HI 22 mm | D16: M | E16: 480 | F16: 860 | G16: 400 | H16: 1023 | I16: 480 | J16: 1232 | K16: 470 | L16: 1129 | M16: 350 | P16: =+MIN(E16,G16,I16,K16,M16,N16,O16) -> 350 | Q16: =+TRUNC(P16*$R$6,-1) -> 290
A17: =+CONCATENATE(B17,C17,D17) -> 경질비닐전선관HI 28 mmM | B17: 경질비닐전선관 | C17: HI 28 mm | D17: M | E17: 929 | F17: 860 | G17: 774 | H17: 1023 | I17: 929 | J17: 1232 | K17: 890 | L17: 1129 | M17: 700 | P17: =+MIN(E17,G17,I17,K17,M17,N17,O17) -> 700 | Q17: =+TRUNC(P17*$R$6,-1) -> 590
A18: =+CONCATENATE(B18,C18,D18) -> 경질비닐전선관HI 36 mmM | B18: 경질비닐전선관 | C18: HI 36 mm | D18: M | E18: 1249 | F18: 860 | G18: 1121 | H18: 1023 | I18: 1249 | J18: 1232 | K18: 1440 | L18: 1129 | M18: 976 | P18: =+MIN(E18,G18,I18,K18,M18,N18,O18) -> 976 | Q18: =+TRUNC(P18*$R$6,-1) -> 820
... A27: =+CONCATENATE(B27,C27,D27) -> 파상형 폴리에틸렌 전선관100㎜M | B27: 파상형 폴리에틸렌 전선관 | C27: 100㎜ | D27: M | E27: 2013 | F27: 861 | G27: 2188 | H27: 1024 | I27: 2013 | J27: 1230 | K27: 1980 | L27: 1128 | M27: 1784 | P27: =+MIN(E27,G27,I27,K27,M27,N27,O27) -> 1784 | Q27: =+TRUNC(P27*$R$6,-1) -> 1510
A28: =+CONCATENATE(B28,C28,D28) -> 1종금속제가요전선관16 mm 일반-방수M | B28: 1종금속제가요전선관 | C28: 16 mm 일반-방수 | D28: M | E28: 700 | F28: 860 | I28: 594 | J28: 1231 | K28: 700 | L28: 1123 | M28: 733 | P28: =+MIN(E28,G28,I28,K28,M28,N28,O28) -> 594 | Q28: =+TRUNC(P28*$R$6,-1) -> 500
A29: =+CONCATENATE(B29,C29,D29) -> 1종금속제가요전선관22 mm 일반-방수M | B29: 1종금속제가요전선관 | C29: 22 mm 일반-방수 | D29: M | E29: 850 | F29: 860 | I29: 1128 | J29: 1231 | K29: 850 | L29: 1123 | M29: 937 | P29: =+MIN(E29,G29,I29,K29,M29,N29,O29) -> 850 | Q29: =+TRUNC(P29*$R$6,-1) -> 720
A30: =+CONCATENATE(B30,C30,D30) -> 1종금속제가요전선관28 mm 일반-방수M | B30: 1종금속제가요전선관 | C30: 28 mm 일반-방수 | D30: M | E30: 1100 | F30: 860 | I30: 1320 | J30: 1231 | K30: 1100 | L30: 1123 | M30: 1102 | P30: =+MIN(E30,G30,I30,K30,M30,N30,O30) -> 1100 | Q30: =+TRUNC(P30*$R$6,-1) -> 930
A31: =+CONCATENATE(B31,C31,D31) -> 1종금속제가요전선관36 mm 일반-방수M | B31: 1종금속제가요전선관 | C31: 36 mm 일반-방수 | D31: M | E31: 2200 | F31: 860 | I31: 1716 | J31: 1231 | K31: 2200 | L31: 1123 | M31: 1667 | P31: =+MIN(E31,G31,I31,K31,M31,N31,O31) -> 1667 | Q31: =+TRUNC(P31*$R$6,-1) -> 1410
A32: =+CONCATENATE(B32,C32,D32) -> 1종금속제가요전선관42 mm 일반-방수M | B32: 1종금속제가요전선관 | C32: 42 mm 일반-방수 | D32: M | E32: 2800 | F32: 860 | I32: 2760 | J32: 1231 | K32: 2800 | L32: 1123 | M32: 2205 | P32: =+MIN(E32,G32,I32,K32,M32,N32,O32) -> 2205 | Q32: =+TRUNC(P32*$R$6,-1) -> 1870
A33: =+CONCATENATE(B33,C33,D33) -> 1종금속제가요전선관54 mm 일반-방수M | B33: 1종금속제가요전선관 | C33: 54 mm 일반-방수 | D33: M | E33: 3800 | F33: 860 | I33: 3564 | J33: 1231 | K33: 3800 | L33: 1123 | M33: 3064 | P33: =+MIN(E33,G33,I33,K33,M33,N33,O33) -> 3064 | Q33: =+TRUNC(P33*$R$6,-1) -> 2600
A34: =+CONCATENATE(B34,C34,D34) -> 1종금속제가요전선관70 mm 일반-방수M | B34: 1종금속제가요전선관 | C34: 70 mm 일반-방수 | D34: M | E34: 4950 | F34: 860 | I34: 6468 | J34: 1231 | K34: 4950 | L34: 1123 | M34: 7190 | P34: =+MIN(E34,G34,I34,K34,M34,N34,O34) -> 4950 | Q34: =+TRUNC(P34*$R$6,-1) -> 4200
A35: =+CONCATENATE(B35,C35,D35) -> 1종금속제가요전선관82 mm 일반-방수M | B35: 1종금속제가요전선관 | C35: 82 mm 일반-방수 | D35: M | E35: 6000 | F35: 860 | I35: 8184 | J35: 1231 | K35: 6000 | L35: 1123 | M35: 12980 | P35: =+MIN(E35,G35,I35,K35,M35,N35,O35) -> 6000 | Q35: =+TRUNC(P35*$R$6,-1) -> 5100
A36: =+CONCATENATE(B36,C36,D36) -> 1종금속제가요전선관104 mm 일반-방수M | B36: 1종금속제가요전선관 | C36: 104 mm 일반-방수 | D36: M | E36: 9000 | F36: 860 | I36: 12840 | J36: 1231 | K36: 9000 | L36: 1123 | P36: =+MIN(E36,G36,I36,K36,M36,N36,O36) -> 9000 | Q36: =+TRUNC(P36*$R$6,-1) -> 7650
A37: =+CONCATENATE(B37,C37,D37) -> 풀박스150×150×100개 | B37: 풀박스 | C37: 150×150×100 | D37: 개 | E37: 3245 | F37: 873 | G37: 7510 | H37: 1027 | I37: 3245 | J37: 1235 | K37: 3520 | L37: 1127 | M37: 2757 | P37: =+MIN(E37,G37,I37,K37,M37,N37,O37) -> 2757 | Q37: =+TRUNC(P37*$R$6,-1) -> 2340
A38: =+CONCATENATE(B38,C38,D38) -> 풀박스200×200×150개 | B38: 풀박스 | C38: 200×200×150 | D38: 개 | E38: 5379 | F38: 873 | G38: 12500 | H38: 1027 | I38: 5379 | J38: 1235 | K38: 6000 | L38: 1127 | M38: 4571 | P38: =+MIN(E38,G38,I38,K38,M38,N38,O38) -> 4571 | Q38: =+TRUNC(P38*$R$6,-1) -> 3880
A39: =+CONCATENATE(B39,C39,D39) -> 풀박스300×300×200개 | B39: 풀박스 | C39: 300×300×200 | D39: 개 | E39: 11935 | F39: 873 | G39: 23400 | H39: 1027 | I39: 11935 | J39: 1235 | K39: 11520 | L39: 1127 | M39: 9688 | P39: =+MIN(E39,G39,I39,K39,M39,N39,O39) -> 9688 | Q39: =+TRUNC(P39*$R$6,-1) -> 8230
A40: =+CONCATENATE(B40,C40,D40) -> 풀박스500×500×200개 | B40: 풀박스 | C40: 500×500×200 | D40: 개 | E40: 35805 | F40: 873 | I40: 35805 | J40: 1235 | M40: 30433 | P40: =+MIN(E40,G40,I40,K40,M40,N40,O40) -> 30433 | Q40: =+TRUNC(P40*$R$6,-1) -> 25860
A41: =+CONCATENATE(B41,C41,D41) -> 풀박스800×800×200개 | B41: 풀박스 | C41: 800×800×200 | D41: 개 | N41: 40000 | O41: 40800 | P41: =+MIN(E41,G41,I41,K41,M41,N41,O41) -> 40000 | Q41: =+TRUNC(P41*$R$6,-1) -> 34000
A42: =+CONCATENATE(B42,C42,D42) -> 풀박스1000×500×200개 | B42: 풀박스 | C42: 1000×500×200 | D42: 개 | N42: 41000 | O42: 45000 | P42: =+MIN(E42,G42,I42,K42,M42,N42,O42) -> 41000 | Q42: =+TRUNC(P42*$R$6,-1) -> 34850
A43: =+CONCATENATE(B43,C43,D43) -> 풀박스1000×1000×200개 | B43: 풀박스 | C43: 1000×1000×200 | D43: 개 | N43: 48000 | O43: 51000 | P43: =+MIN(E43,G43,I43,K43,M43,N43,O43) -> 48000 | Q43: =+TRUNC(P43*$R$6,-1) -> 40800
A44: =+CONCATENATE(B44,C44,D44) -> 풀박스1600×1600×200개 | B44: 풀박스 | C44: 1600×1600×200 | D44: 개 | N44: 98000 | O44: 108000 | P44: =+MIN(E44,G44,I44,K44,M44,N44,O44) -> 98000 | Q44: =+TRUNC(P44*$R$6,-1) -> 83300
A45: =+CONCATENATE(B45,C45,D45) -> 풀박스SUS 400×400×200개 | B45: 풀박스 | C45: SUS 400×400×200 | D45: 개 | G45: 73700 | H45: 1027 | N45: 105270 | O45: 107400 | P45: =+MIN(E45,G45,I45,K45,M45,N45,O45) -> 73700 | Q45: =+TRUNC(P45*$R$6,-1) -> 62640
A46: =+CONCATENATE(B46,C46,D46) -> 풀박스SUS 500×500×200개 | B46: 풀박스 | C46: SUS 500×500×200 | D46: 개 | G46: 84300 | H46: 1027 | N46: 198000 | O46: 202000 | P46: =+MIN(E46,G46,I46,K46,M46,N46,O46) -> 84300 | Q46: =+TRUNC(P46*$R$6,-1) -> 71650
A47: =+CONCATENATE(B47,C47,D47) -> 풀박스SUS 600×600×200개 | B47: 풀박스 | C47: SUS 600×600×200 | D47: 개 | N47: 266101 | O47: 271400 | P47: =+MIN(E47,G47,I47,K47,M47,N47,O47) -> 266101 | Q47: =+TRUNC(P47*$R$6,-1) -> 226180
A48: =+CONCATENATE(B48,C48,D48) -> 풀박스SUS 800×400×400개 | B48: 풀박스 | C48: SUS 800×400×400 | D48: 개 | N48: 385000 | O48: 392700 | P48: =+MIN(E48,G48,I48,K48,M48,N48,O48) -> 385000 | Q48: =+TRUNC(P48*$R$6,-1) -> 327250
A49: =+CONCATENATE(B49,C49,D49) -> 풀박스SUS 800×800×200개 | B49: 풀박스 | C49: SUS 800×800×200 | D49: 개 | N49: 495000 | O49: 504900 | P49: =+MIN(E49,G49,I49,K49,M49,N49,O49) -> 495000 | Q49: =+TRUNC(P49*$R$6,-1) -> 420750
A50: =+CONCATENATE(B50,C50,D50) -> 풀박스SUS 1000×500×200개 | B50: 풀박스 | C50: SUS 1000×500×200 | D50: 개 | N50: 280000 | O50: 310000 | P50: =+MIN(E50,G50,I50,K50,M50,N50,O50) -> 280000 | Q50: =+TRUNC(P50*$R$6,-1) -> 238000
A51: =+CONCATENATE(B51,C51,D51) -> 풀박스SUS 1200×1000×200개 | B51: 풀박스 | C51: SUS 1200×1000×200 | D51: 개 | N51: 420000 | O51: 440000 | P51: =+MIN(E51,G51,I51,K51,M51,N51,O51) -> 420000 | Q51: =+TRUNC(P51*$R$6,-1) -> 357000
A52: =+CONCATENATE(B52,C52,D52) -> 풀박스SUS 1600×1600×200개 | B52: 풀박스 | C52: SUS 1600×1600×200 | D52: 개 | N52: 600000 | O52: 630000 | P52: =+MIN(E52,G52,I52,K52,M52,N52,O52) -> 600000 | Q52: =+TRUNC(P52*$R$6,-1) -> 510000
A53: =+CONCATENATE(B53,C53,D53) -> 풀박스SUS 1600×1600×400개 | B53: 풀박스 | C53: SUS 1600×1600×400 | D53: 개 | N53: 900000 | O53: 910000 | P53: =+MIN(E53,G53,I53,K53,M53,N53,O53) -> 900000 | Q53: =+TRUNC(P53*$R$6,-1) -> 765000
A54: =+CONCATENATE(B54,C54,D54) -> 풀박스SUS 1300×600×200개 | B54: 풀박스 | C54: SUS 1300×600×200 | D54: 개 | N54: 300000 | O54: 330000 | P54: =+MIN(E54,G54,I54,K54,M54,N54,O54) -> 300000 | Q54: =+TRUNC(P54*$R$6,-1) -> 255000
A55: =+CONCATENATE(B55,C55,D55) -> 덕트형 케이블트레이DUCT, W 100 x H 100M | B55: 덕트형 케이블트레이 | C55: DUCT, W 100 x H 100 | D55: M | I55: 15700 | J55: 1238 | P55: =+MIN(E55,G55,I55,K55,M55,N55,O55) -> 15700 | Q55: =+TRUNC(P55*$R$6,-1) -> 13340
A56: =+CONCATENATE(B56,C56,D56) -> 덕트형 케이블트레이DUCT, W 200 x H 100M | B56: 덕트형 케이블트레이 | C56: DUCT, W 200 x H 100 | D56: M | I56: 19900 | J56: 1238 | P56: =+MIN(E56,G56,I56,K56,M56,N56,O56) -> 19900 | Q56: =+TRUNC(P56*$R$6,-1) -> 16910
A57: =+CONCATENATE(B57,C57,D57) -> 덕트형 케이블트레이SUS DUCT, W 100 x H 100M | B57: 덕트형 케이블트레이 | C57: SUS DUCT, W 100 x H 100 | D57: M | I57: 38900 | J57: 1238 | N57: 51840 | O57: 52876.8 | P57: =+MIN(E57,G57,I57,K57,M57,N57,O57) -> 38900 | Q57: =+TRUNC(P57*$R$6,-1) -> 33060
A58: =+CONCATENATE(B58,C58,D58) -> 덕트형 케이블트레이SUS DUCT, W 200 x H 100M | B58: 덕트형 케이블트레이 | C58: SUS DUCT, W 200 x H 100 | D58: M | I58: 48600 | J58: 1238 | N58: 73440 | O58: 74908.8 | P58: =+MIN(E58,G58,I58,K58,M58,N58,O58) -> 48600 | Q58: =+TRUNC(P58*$R$6,-1) -> 41310
A59: =+CONCATENATE(B59,C59,D59) -> 케이블트레이부속품U CHANNEL, 41x41x2.6tM | B59: 케이블트레이부속품 | C59: U CHANNEL, 41x41x2.6t | D59: M | I59: 12630 | J59: 1239 | K59: 9100 | L59: 1138 | M59: 3835 | P59: =+MIN(E59,G59,I59,K59,M59,N59,O59) -> 3835 | Q59: =+TRUNC(P59*$R$6,-1) -> 3250
A60: =+CONCATENATE(B60,C60,D60) -> 강제전선관용 부품파이프행거, 16 C개 | B60: 강제전선관용 부품 | C60: 파이프행거, 16 C | D60: 개 | E60: 727 | F60: 864 | G60: 340 | H60: 1028 | I60: 727 | J60: 1231 | K60: 620 | L60: 1123 | M60: 324 | P60: =+MIN(E60,G60,I60,K60,M60,N60,O60) -> 324 | Q60: =+TRUNC(P60*$R$6,-1) -> 270
A61: =+CONCATENATE(B61,C61,D61) -> 강제전선관용 부품파이프행거, 22 C개 | B61: 강제전선관용 부품 | C61: 파이프행거, 22 C | D61: 개 | E61: 745 | F61: 864 | G61: 350 | H61: 1028 | I61: 745 | J61: 1231 | K61: 650 | L61: 1123 | M61: 340 | P61: =+MIN(E61,G61,I61,K61,M61,N61,O61) -> 340 | Q61: =+TRUNC(P61*$R$6,-1) -> 280
A62: =+CONCATENATE(B62,C62,D62) -> 강제전선관용 부품파이프행거, 28 C개 | B62: 강제전선관용 부품 | C62: 파이프행거, 28 C | D62: 개 | E62: 782 | F62: 864 | G62: 391 | H62: 1028 | I62: 782 | J62: 1231 | K62: 680 | L62: 1123 | M62: 364 | P62: =+MIN(E62,G62,I62,K62,M62,N62,O62) -> 364 | Q62: =+TRUNC(P62*$R$6,-1) -> 300
A63: =+CONCATENATE(B63,C63,D63) -> 강제전선관용 부품파이프행거, 36 C개 | B63: 강제전선관용 부품 | C63: 파이프행거, 36 C | D63: 개 | E63: 828 | F63: 864 | G63: 402 | H63: 1028 | I63: 828 | J63: 1231 | K63: 720 | L63: 1123 | M63: 378 | P63: =+MIN(E63,G63,I63,K63,M63,N63,O63) -> 378 | Q63: =+TRUNC(P63*$R$6,-1) -> 320
A64: =+CONCATENATE(B64,C64,D64) -> 강제전선관용 부품파이프행거, 42 C개 | B64: 강제전선관용 부품 | C64: 파이프행거, 42 C | D64: 개 | E64: 904 | F64: 864 | G64: 422 | H64: 1028 | I64: 904 | J64: 1231 | K64: 760 | L64: 1123 | M64: 404 | P64: =+MIN(E64,G64,I64,K64,M64,N64,O64) -> 404 | Q64: =+TRUNC(P64*$R$6,-1) -> 340
A65: =+CONCATENATE(B65,C65,D65) -> 강제전선관용 부품파이프행거, 54 C개 | B65: 강제전선관용 부품 | C65: 파이프행거, 54 C | D65: 개 | E65: 1272 | F65: 864 | G65: 618 | H65: 1028 | I65: 1272 | J65: 1231 | K65: 1050 | L65: 1123 | M65: 585 | P65: =+MIN(E65,G65,I65,K65,M65,N65,O65) -> 585 | Q65: =+TRUNC(P65*$R$6,-1) -> 490
A66: =+CONCATENATE(B66,C66,D66) -> 강제전선관용 부품파이프행거, 70 C개 | B66: 강제전선관용 부품 | C66: 파이프행거, 70 C | D66: 개 | E66: 1422 | F66: 864 | G66: 659 | H66: 1028 | I66: 1422 | J66: 1231 | K66: 1210 | L66: 1123 | M66: 635 | P66: =+MIN(E66,G66,I66,K66,M66,N66,O66) -> 635 | Q66: =+TRUNC(P66*$R$6,-1) -> 530
A67: =+CONCATENATE(B67,C67,D67) -> 강제전선관용 부품파이프행거, 82 C개 | B67: 강제전선관용 부품 | C67: 파이프행거, 82 C | D67: 개 | E67: 1932 | F67: 864 | G67: 1133 | H67: 1028 | I67: 1932 | J67: 1231 | K67: 170 | L67: 1123 | M67: 1079 | P67: =+MIN(E67,G67,I67,K67,M67,N67,O67) -> 170 | Q67: =+TRUNC(P67*$R$6,-1) -> 140
A68: =+CONCATENATE(B68,C68,D68) -> 강제전선관용 부품파이프행거, 104 C개 | B68: 강제전선관용 부품 | C68: 파이프행거, 104 C | D68: 개 | E68: 2484 | F68: 864 | G68: 1339 | H68: 1028 | I68: 2484 | J68: 1231 | K68: 1940 | L68: 1123 | M68: 1266 | P68: =+MIN(E68,G68,I68,K68,M68,N68,O68) -> 1266 | Q68: =+TRUNC(P68*$R$6,-1) -> 1070
A69: =+CONCATENATE(B69,C69,D69) -> 강제전선관용 부품새들 (KS) 16cEA | B69: 강제전선관용 부품 | C69: 새들 (KS) 16c | D69: EA | E69: 98 | F69: 864 | G69: 88 | H69: 1028 | I69: 98 | J69: 1231 | K69: 104 | L69: 1123 | P69: =+MIN(E69,G69,I69,K69,M69,N69,O69) -> 88 | Q69: =+TRUNC(P69*$R$6,-1) -> 70
A70: =+CONCATENATE(B70,C70,D70) -> 강제전선관용 부품새들 (KS) 22cEA | B70: 강제전선관용 부품 | C70: 새들 (KS) 22c | D70: EA | E70: 104 | F70: 864 | G70: 93 | H70: 1028 | I70: 104 | J70: 1231 | K70: 123 | L70: 1123 | P70: =+MIN(E70,G70,I70,K70,M70,N70,O70) -> 93 | Q70: =+TRUNC(P70*$R$6,-1) -> 70
A71: =+CONCATENATE(B71,C71,D71) -> 강제전선관용 부품새들 (KS) 28cEA | B71: 강제전선관용 부품 | C71: 새들 (KS) 28c | D71: EA | E71: 139 | F71: 864 | G71: 124 | H71: 1028 | I71: 139 | J71: 1231 | K71: 198 | L71: 1123 | P71: =+MIN(E71,G71,I71,K71,M71,N71,O71) -> 124 | Q71: =+TRUNC(P71*$R$6,-1) -> 100
A72: =+CONCATENATE(B72,C72,D72) -> 강제전선관용 부품새들 (KS) 36cEA | B72: 강제전선관용 부품 | C72: 새들 (KS) 36c | D72: EA | E72: 178 | F72: 864 | G72: 155 | H72: 1028 | I72: 178 | J72: 1231 | K72: 237 | L72: 1123 | P72: =+MIN(E72,G72,I72,K72,M72,N72,O72) -> 155 | Q72: =+TRUNC(P72*$R$6,-1) -> 130
A73: =+CONCATENATE(B73,C73,D73) -> 강제전선관용 부품새들 (KS) 42cEA | B73: 강제전선관용 부품 | C73: 새들 (KS) 42c | D73: EA | E73: 190 | F73: 864 | G73: 175 | H73: 1028 | I73: 190 | J73: 1231 | K73: 263 | L73: 1123 | P73: =+MIN(E73,G73,I73,K73,M73,N73,O73) -> 175 | Q73: =+TRUNC(P73*$R$6,-1) -> 140
A74: =+CONCATENATE(B74,C74,D74) -> 강제전선관용 부품새들 (KS) 54cEA | B74: 강제전선관용 부품 | C74: 새들 (KS) 54c | D74: EA | E74: 317 | F74: 864 | G74: 247 | H74: 1028 | I74: 317 | J74: 1231 | K74: 329 | L74: 1123 | P74: =+MIN(E74,G74,I74,K74,M74,N74,O74) -> 247 | Q74: =+TRUNC(P74*$R$6,-1) -> 200
A75: =+CONCATENATE(B75,C75,D75) -> 강제전선관용 부품새들 (KS) 70cEA | B75: 강제전선관용 부품 | C75: 새들 (KS) 70c | D75: EA | E75: 587 | F75: 864 | G75: 649 | H75: 1028 | I75: 587 | J75: 1231 | K75: 874 | L75: 1123 | P75: =+MIN(E75,G75,I75,K75,M75,N75,O75) -> 587 | Q75: =+TRUNC(P75*$R$6,-1) -> 490
A76: =+CONCATENATE(B76,C76,D76) -> 강제전선관용 부품새들 (KS) 82cEA | B76: 강제전선관용 부품 | C76: 새들 (KS) 82c | D76: EA | E76: 738 | F76: 864 | G76: 773 | H76: 1028 | I76: 738 | J76: 1231 | K76: 1104 | L76: 1123 | P76: =+MIN(E76,G76,I76,K76,M76,N76,O76) -> 738 | Q76: =+TRUNC(P76*$R$6,-1) -> 620
A77: =+CONCATENATE(B77,C77,D77) -> 강제전선관용 부품새들 (KS) 104cEA | B77: 강제전선관용 부품 | C77: 새들 (KS) 104c | D77: EA | E77: 1046 | F77: 864 | G77: 1030 | H77: 1028 | I77: 1046 | J77: 1231 | K77: 1565 | L77: 1123 | P77: =+MIN(E77,G77,I77,K77,M77,N77,O77) -> 1030 | Q77: =+TRUNC(P77*$R$6,-1) -> 870
A78: =+CONCATENATE(B78,C78,D78) -> 셋트앵커M12*L100개 | B78: 셋트앵커 | C78: M12*L100 | D78: 개 | E78: 310 | F78: 53 | G78: 330 | H78: 96 | I78: 454 | J78: 48 | K78: 210 | L78: 93 | P78: =+MIN(E78,G78,I78,K78,M78,N78,O78) -> 210 | Q78: =+TRUNC(P78*$R$6,-1) -> 170
A79: =+CONCATENATE(B79,C79,D79) -> 스트롱앵커3/8개 | B79: 스트롱앵커 | C79: 3/8 | D79: 개 | E79: 137 | F79: 54 | G79: 94 | H79: 96 | I79: 137 | J79: 48 | K79: 100 | L79: 93 | P79: =+MIN(E79,G79,I79,K79,M79,N79,O79) -> 94 | Q79: =+TRUNC(P79*$R$6,-1) -> 70
A80: =+CONCATENATE(B80,C80,D80) -> 앵커볼트M10×L200개 | B80: 앵커볼트 | C80: M10×L200 | D80: 개 | E80: 470 | F80: 53 | G80: 550 | H80: 96 | K80: 470 | L80: 93 | P80: =+MIN(E80,G80,I80,K80,M80,N80,O80) -> 470 | Q80: =+TRUNC(P80*$R$6,-1) -> 390
A81: =+CONCATENATE(B81,C81,D81) -> 행거볼트M10×1000㎜개 | B81: 행거볼트 | C81: M10×1000㎜ | D81: 개 | E81: 1079 | F81: 51 | K81: 1430 | L81: 721 | P81: =+MIN(E81,G81,I81,K81,M81,N81,O81) -> 1079 | Q81: =+TRUNC(P81*$R$6,-1) -> 910
A82: =+CONCATENATE(B82,C82,D82) -> 접지용비닐절연전선(F-GV)2.5㎟M | B82: 접지용비닐절연전선(F-GV) | C82: 2.5㎟ | D82: M | E82: 657 | F82: 833 | G82: 629 | H82: 994 | I82: 742 | J82: 1193 | K82: 593 | L82: 1099 | M82: 502 | P82: =+MIN(E82,G82,I82,K82,M82,N82,O82) -> 502 | Q82: =+TRUNC(P82*$R$6,-1) -> 420
A83: =+CONCATENATE(B83,C83,D83) -> 접지용비닐절연전선(F-GV)4㎟M | B83: 접지용비닐절연전선(F-GV) | C83: 4㎟ | D83: M | E83: 919 | F83: 833 | G83: 943 | H83: 994 | I83: 1031 | J83: 1193 | K83: 894 | L83: 1099 | M83: 766 | P83: =+MIN(E83,G83,I83,K83,M83,N83,O83) -> 766 | Q83: =+TRUNC(P83*$R$6,-1) -> 650
A84: =+CONCATENATE(B84,C84,D84) -> 접지용비닐절연전선(F-GV)6㎟M | B84: 접지용비닐절연전선(F-GV) | C84: 6㎟ | D84: M | E84: 1056 | F84: 833 | G84: 1170 | H84: 994 | I84: 1173 | J84: 1193 | K84: 1256 | L84: 1099 | M84: 896 | P84: =+MIN(E84,G84,I84,K84,M84,N84,O84) -> 896 | Q84: =+TRUNC(P84*$R$6,-1) -> 760
A85: =+CONCATENATE(B85,C85,D85) -> 접지용비닐절연전선(F-GV)10㎟M | B85: 접지용비닐절연전선(F-GV) | C85: 10㎟ | D85: M | E85: 1778 | F85: 833 | G85: 1850 | H85: 994 | I85: 1978 | J85: 1193 | K85: 2012 | L85: 1099 | M85: 1523 | P85: =+MIN(E85,G85,I85,K85,M85,N85,O85) -> 1523 | Q85: =+TRUNC(P85*$R$6,-1) -> 1290
A86: =+CONCATENATE(B86,C86,D86) -> 접지용비닐절연전선(F-GV)16㎟M | B86: 접지용비닐절연전선(F-GV) | C86: 16㎟ | D86: M | E86: 2427 | F86: 833 | G86: 2828 | H86: 994 | I86: 2700 | J86: 1193 | K86: 3053 | L86: 1099 | M86: 2061 | P86: =+MIN(E86,G86,I86,K86,M86,N86,O86) -> 2061 | Q86: =+TRUNC(P86*$R$6,-1) -> 1750
A87: =+CONCATENATE(B87,C87,D87) -> 접지용비닐절연전선(F-GV)25㎟M | B87: 접지용비닐절연전선(F-GV) | C87: 25㎟ | D87: M | E87: 3740 | F87: 833 | G87: 4083 | H87: 994 | I87: 4147 | J87: 1193 | K87: 4754 | L87: 1099 | M87: 3192 | P87: =+MIN(E87,G87,I87,K87,M87,N87,O87) -> 3192 | Q87: =+TRUNC(P87*$R$6,-1) -> 2710
A88: =+CONCATENATE(B88,C88,D88) -> 접지용비닐절연전선(F-GV)35㎟M | B88: 접지용비닐절연전선(F-GV) | C88: 35㎟ | D88: M | E88: 5281 | F88: 833 | G88: 5613 | H88: 994 | I88: 5857 | J88: 1193 | K88: 6441 | L88: 1099 | M88: 4487 | P88: =+MIN(E88,G88,I88,K88,M88,N88,O88) -> 4487 | Q88: =+TRUNC(P88*$R$6,-1) -> 3810
A89: =+CONCATENATE(B89,C89,D89) -> 접지용비닐절연전선(F-GV)50㎟M | B89: 접지용비닐절연전선(F-GV) | C89: 50㎟ | D89: M | E89: 7189 | F89: 833 | G89: 7886 | H89: 994 | I89: 7962 | J89: 1193 | K89: 8717 | L89: 1099 | M89: 6109 | P89: =+MIN(E89,G89,I89,K89,M89,N89,O89) -> 6109 | Q89: =+TRUNC(P89*$R$6,-1) -> 5190
A90: =+CONCATENATE(B90,C90,D90) -> 접지용비닐절연전선(F-GV)70㎟M | B90: 접지용비닐절연전선(F-GV) | C90: 70㎟ | D90: M | E90: 10122 | F90: 833 | G90: 11013 | H90: 994 | I90: 11213 | J90: 1193 | K90: 12368 | L90: 1099 | M90: 8602 | P90: =+MIN(E90,G90,I90,K90,M90,N90,O90) -> 8602 | Q90: =+TRUNC(P90*$R$6,-1) -> 7310
A91: =+CONCATENATE(B91,C91,D91) -> UTP 케이블Cat.5E 0.5mm 4PM | B91: UTP 케이블 | C91: Cat.5E 0.5mm 4P | D91: M | E91: 790 | F91: 847 | G91: 470 | H91: 1002 | I91: 1100 | J91: 1207 | K91: 470 | L91: 1109 | M91: 290 | P91: =+MIN(E91,G91,I91,K91,M91,N91,O91) -> 290 | Q91: =+TRUNC(P91*$R$6,-1) -> 240
A92: =+CONCATENATE(B92,C92,D92) -> 폴리에틸렌 난연케이블0.6/1kv F-CV 2C×2.5㎟M | B92: 폴리에틸렌 난연케이블 | C92: 0.6/1kv F-CV 2C×2.5㎟ | D92: M | E92: 1622 | F92: 834 | G92: 1485 | H92: 993 | I92: 1281 | J92: 1209 | K92: 1316 | L92: 1099 | M92: 1,296 | P92: =+MIN(E92,G92,I92,K92,M92,N92,O92) -> 1281 | Q92: =+TRUNC(P92*$R$6,-1) -> 1080
A93: =+CONCATENATE(B93,C93,D93) -> 폴리에틸렌 난연케이블0.6/1kv F-CV 2C×4㎟M | B93: 폴리에틸렌 난연케이블 | C93: 0.6/1kv F-CV 2C×4㎟ | D93: M | E93: 2071 | F93: 834 | G93: 2064 | H93: 993 | I93: 1778 | J93: 1209 | K93: 1880 | L93: 1099 | M93: 1,817 | P93: =+MIN(E93,G93,I93,K93,M93,N93,O93) -> 1778 | Q93: =+TRUNC(P93*$R$6,-1) -> 1510
A94: =+CONCATENATE(B94,C94,D94) -> 폴리에틸렌 난연케이블0.6/1kv F-CV 2C×6㎟M | B94: 폴리에틸렌 난연케이블 | C94: 0.6/1kv F-CV 2C×6㎟ | D94: M | E94: 2416 | F94: 834 | G94: 2792 | H94: 993 | I94: 2529 | J94: 1209 | K94: 2697 | L94: 1099 | M94: 2,273 | P94: =+MIN(E94,G94,I94,K94,M94,N94,O94) -> 2416 | Q94: =+TRUNC(P94*$R$6,-1) -> 2050
A95: =+CONCATENATE(B95,C95,D95) -> 폴리에틸렌 난연케이블0.6/1kv F-CV 2C×10㎟M | B95: 폴리에틸렌 난연케이블 | C95: 0.6/1kv F-CV 2C×10㎟ | D95: M | E95: 3908 | F95: 834 | G95: 4247 | H95: 993 | I95: 4164 | J95: 1209 | K95: 4274 | L95: 1099 | M95: 3,575 | P95: =+MIN(E95,G95,I95,K95,M95,N95,O95) -> 3908 | Q95: =+TRUNC(P95*$R$6,-1) -> 3320
A96: =+CONCATENATE(B96,C96,D96) -> 폴리에틸렌 난연케이블0.6/1kv F-CV 2C×16㎟M | B96: 폴리에틸렌 난연케이블 | C96: 0.6/1kv F-CV 2C×16㎟ | D96: M | E96: 5075 | F96: 834 | G96: 6630 | H96: 993 | I96: 6089 | J96: 1209 | K96: 6512 | L96: 1099 | M96: 4,768 | P96: =+MIN(E96,G96,I96,K96,M96,N96,O96) -> 5075 | Q96: =+TRUNC(P96*$R$6,-1) -> 4310
A97: =+CONCATENATE(B97,C97,D97) -> 폴리에틸렌 난연케이블0.6/1kv F-CV 2C×25㎟M | B97: 폴리에틸렌 난연케이블 | C97: 0.6/1kv F-CV 2C×25㎟ | D97: M | E97: 7880 | F97: 834 | G97: 10144 | H97: 993 | I97: 9332 | J97: 1209 | K97: 9887 | L97: 1099 | M97: 7,418 | P97: =+MIN(E97,G97,I97,K97,M97,N97,O97) -> 7880 | Q97: =+TRUNC(P97*$R$6,-1) -> 6690
A98: =+CONCATENATE(B98,C98,D98) -> 폴리에틸렌 난연케이블0.6/1kv F-CV 3C×2.5㎟M | B98: 폴리에틸렌 난연케이블 | C98: 0.6/1kv F-CV 3C×2.5㎟ | D98: M | E98: 2429 | F98: 834 | G98: 1931 | H98: 993 | I98: 1773 | J98: 1209 | K98: 1790 | L98: 1099 | M98: 1767 | P98: =+MIN(E98,G98,I98,K98,M98,N98,O98) -> 1767 | Q98: =+TRUNC(P98*$R$6,-1) -> 1500
A99: =+CONCATENATE(B99,C99,D99) -> 폴리에틸렌 난연케이블0.6/1kv F-CV 3C×4㎟M | B99: 폴리에틸렌 난연케이블 | C99: 0.6/1kv F-CV 3C×4㎟ | D99: M | E99: 3096 | F99: 834 | G99: 2732 | H99: 993 | I99: 2551 | J99: 1209 | K99: 2642 | L99: 1099 | M99: 2565 | P99: =+MIN(E99,G99,I99,K99,M99,N99,O99) -> 2551 | Q99: =+TRUNC(P99*$R$6,-1) -> 2160
A100: =+CONCATENATE(B100,C100,D100) -> 폴리에틸렌 난연케이블0.6/1kv F-CV 3C×6㎟M | B100: 폴리에틸렌 난연케이블 | C100: 0.6/1kv F-CV 3C×6㎟ | D100: M | E100: 3601 | F100: 834 | G100: 3772 | H100: 993 | I100: 3609 | J100: 1209 | K100: 3792 | L100: 1099 | M100: 3442 | P100: =+MIN(E100,G100,I100,K100,M100,N100,O100) -> 3442 | Q100: =+TRUNC(P100*$R$6,-1) -> 2920
A101: =+CONCATENATE(B101,C101,D101) -> 폴리에틸렌 난연케이블0.6/1kv F-CV 3C×10㎟M | B101: 폴리에틸렌 난연케이블 | C101: 0.6/1kv F-CV 3C×10㎟ | D101: M | E101: 5852 | F101: 834 | G101: 5999 | H101: 993 | I101: 6049 | J101: 1209 | K101: 6132 | L101: 1099 | M101: 5523 | P101: =+MIN(E101,G101,I101,K101,M101,N101,O101) -> 5523 | Q101: =+TRUNC(P101*$R$6,-1) -> 4690
A102: =+CONCATENATE(B102,C102,D102) -> 폴리에틸렌 난연케이블0.6/1kv F-CV 3C×16㎟M | B102: 폴리에틸렌 난연케이블 | C102: 0.6/1kv F-CV 3C×16㎟ | D102: M | E102: 7589 | F102: 834 | G102: 9349 | H102: 993 | I102: 8889 | J102: 1209 | K102: 9419 | L102: 1099 | M102: 7200 | P102: =+MIN(E102,G102,I102,K102,M102,N102,O102) -> 7200 | Q102: =+TRUNC(P102*$R$6,-1) -> 6120
A103: =+CONCATENATE(B103,C103,D103) -> 폴리에틸렌 난연케이블0.6/1kv F-CV 3C×25㎟M | B103: 폴리에틸렌 난연케이블 | C103: 0.6/1kv F-CV 3C×25㎟ | D103: M | E103: 11789 | F103: 834 | G103: 14533 | H103: 993 | I103: 13702 | J103: 1209 | K103: 14366 | L103: 1099 | M103: 10954 | P103: =+MIN(E103,G103,I103,K103,M103,N103,O103) -> 10954 | Q103: =+TRUNC(P103*$R$6,-1) -> 9310
A104: =+CONCATENATE(B104,C104,D104) -> 폴리에틸렌 난연케이블0.6/1kv F-CV 4C×2.5㎟M | B104: 폴리에틸렌 난연케이블 | C104: 0.6/1kv F-CV 4C×2.5㎟ | D104: M | E104: 3222 | F104: 834 | G104: 2413 | H104: 993 | I104: 2372 | J104: 1209 | K104: 2301 | L104: 1099 | M104: 2266 | P104: =+MIN(E104,G104,I104,K104,M104,N104,O104) -> 2266 | Q104: =+TRUNC(P104*$R$6,-1) -> 1920
A105: =+CONCATENATE(B105,C105,D105) -> 폴리에틸렌 난연케이블0.6/1kv F-CV 4C×4㎟M | B105: 폴리에틸렌 난연케이블 | C105: 0.6/1kv F-CV 4C×4㎟ | D105: M | E105: 4116 | F105: 834 | G105: 3460 | H105: 993 | I105: 3330 | J105: 1209 | K105: 3389 | L105: 1099 | M105: 3135 | P105: =+MIN(E105,G105,I105,K105,M105,N105,O105) -> 3135 | Q105: =+TRUNC(P105*$R$6,-1) -> 2660
A106: =+CONCATENATE(B106,C106,D106) -> 폴리에틸렌 난연케이블0.6/1kv F-CV 4C×6㎟M | B106: 폴리에틸렌 난연케이블 | C106: 0.6/1kv F-CV 4C×6㎟ | D106: M | E106: 4786 | F106: 834 | G106: 4856 | H106: 993 | I106: 4794 | J106: 1209 | K106: 4980 | L106: 1099 | M106: 4542 | P106: =+MIN(E106,G106,I106,K106,M106,N106,O106) -> 4542 | Q106: =+TRUNC(P106*$R$6,-1) -> 3860
A107: =+CONCATENATE(B107,C107,D107) -> 폴리에틸렌 난연케이블0.6/1kv F-CV 4C×10㎟M | B107: 폴리에틸렌 난연케이블 | C107: 0.6/1kv F-CV 4C×10㎟ | D107: M | E107: 7772 | F107: 834 | G107: 7707 | H107: 993 | I107: 7936 | J107: 1209 | K107: 8046 | L107: 1099 | M107: 7107 | P107: =+MIN(E107,G107,I107,K107,M107,N107,O107) -> 7107 | Q107: =+TRUNC(P107*$R$6,-1) -> 6040
A108: =+CONCATENATE(B108,C108,D108) -> 폴리에틸렌 난연케이블0.6/1kv F-CV 4C×16㎟M | B108: 폴리에틸렌 난연케이블 | C108: 0.6/1kv F-CV 4C×16㎟ | D108: M | E108: 10097 | F108: 834 | G108: 12380 | H108: 993 | I108: 11798 | J108: 1209 | K108: 8046 | L108: 1099 | M108: 9834 | P108: =+MIN(E108,G108,I108,K108,M108,N108,O108) -> 8046 | Q108: =+TRUNC(P108*$R$6,-1) -> 6830
...
